Year,Commodity Name,Insurance Plan Name Abbreviation,Stage Code,Cause of Loss,Month of Loss,# of Policies Paid Out,Avg premium per policy,Avg amout paid out per policy
2024,Corn,RP,Replanted,Hail,JUN,1,"$1,823.00","$2,774.00"
2024,Corn,RP,Reduced Prevented Planting,Excess Moisture/Precipitation/Rain,MAY,1,$477.00,"$6,324.00"
2024,Corn,RP,Replanted,Excess Moisture/Precipitation/Rain,MAY,11,"$3,155.73","$2,459.45"
2024,Corn,RP,Replanted,Excess Moisture/Precipitation/Rain,APR,3,"$3,964.00","$3,210.00"
2024,Corn,RP,Replanted,Cold Wet Weather,MAY,2,"$1,714.50",$978.50
2024,Corn,RP,Unharvested,Flood,JUN,1,"$3,778.00","$88,854.00"
2023,Corn,RP,Harvested,Decline in Price,NOV,103,"$4,033.12","$7,735.80"
2023,Corn,RP,Harvested,Decline in Price,SEP,24,"$5,371.71","$11,029.46"
2023,Corn,RP,Unharvested,Decline in Price,AUG,39,"$5,309.12","$13,098.23"
2023,Corn,RP,Harvested,Decline in Price,JAN,1,"$2,929.50","$3,821.00"
2023,Corn,RP,Unharvested,Decline in Price,DEC,1,"$9,523.00","$41,843.00"
2023,Corn,RPHPE,Harvested,Decline in Price,OCT,1,"$4,683.00","$23,345.00"
2023,Corn,RP,Unharvested,Decline in Price,FEB,2,"$2,916.25","$12,330.50"
2023,Corn,RP,Harvested,Decline in Price,JUL,14,"$3,436.81","$13,393.11"
2023,Corn,RP,Unharvested,Decline in Price,SEP,8,"$3,525.75","$17,698.50"
2023,Corn,RP,Harvested,Decline in Price,OCT,20,"$4,136.90","$6,385.53"
2023,Corn,RP,Unharvested,Decline in Price,JUN,1,"$1,413.00","$3,496.00"
2023,Corn,RP,Unharvested,Decline in Price,NOV,33,"$3,900.92","$8,857.76"
2023,Corn,RP,Unharvested,Decline in Price,OCT,10,"$3,753.63","$4,402.35"
2023,Corn,RP,Unharvested,Decline in Price,JUL,6,"$6,195.77","$4,776.53"
2023,Corn,RP,Harvested,Decline in Price,AUG,39,"$3,597.33","$5,064.05"
2023,Corn,RP,Harvested,Decline in Price,FEB,2,"$5,226.25","$15,376.00"
2023,Corn,RP,Unharvested,Decline in Price,JAN,1,"$1,126.50",-$299.00
2023,Corn,RP,Harvested,Decline in Price,DEC,1,"$1,424.00","$10,332.00"
2023,Corn,RP,Unharvested,Drought,JUN,9,"$2,352.72","$26,117.44"
2023,Corn,RP,Unharvested,Drought,APR,4,"$3,154.75","$19,512.75"
2023,Corn,RP,Harvested,Drought,OCT,4,"$1,298.63","$8,689.50"
2023,Corn,RP,Unharvested,Drought,SEP,8,"$3,219.94","$25,170.50"
2023,Corn,RP,Unharvested,Drought,AUG,63,"$5,507.49","$34,422.85"
2023,Corn,RP,Harvested,Drought,NOV,6,"$1,964.17","$10,520.33"
2023,Corn,RP,Unharvested,Drought,JUL,52,"$4,842.21","$20,458.94"
2023,Corn,RP,Harvested,Drought,SEP,6,"$4,076.50","$17,281.67"
2023,Corn,RP,Harvested,Drought,JUL,53,"$3,874.38","$17,018.33"
2023,Corn,RPHPE,Unharvested,Drought,JUL,2,$625.50,"$5,032.00"
2023,Corn,RP,Unharvested,Drought,MAY,4,"$1,843.50","$17,841.75"
2023,Corn,RP,Unharvested,Drought,NOV,4,"$2,504.00","$13,055.00"
2023,Corn,RP,Harvested,Drought,AUG,38,"$3,187.26","$20,939.70"
2023,Corn,RPHPE,Harvested,Drought,MAY,1,$805.00,"$1,753.00"
2023,Corn,RP,Harvested,Drought,APR,4,"$2,743.50","$3,623.75"
2023,Corn,RP,Harvested,Drought,MAY,19,"$3,824.78","$16,272.93"
2023,Corn,YP,Harvested,Drought,JUL,1,"$3,290.00","$7,760.00"
2023,Corn,RP,Harvested,Drought,JUN,15,"$2,891.73","$14,254.15"
2023,Corn,RPHPE,Harvested,Drought,JUL,3,"$2,460.67","$5,504.00"
2023,Corn,RP,Unharvested,Heat,MAY,1,"$2,058.00","$6,582.00"
2023,Corn,RP,Harvested,Heat,JUL,2,$811.25,"$4,318.00"
2023,Corn,RP,Unharvested,Heat,JUN,2,"$1,281.00","$7,462.00"
2023,Corn,RP,Unharvested,Heat,JUL,3,"$1,252.83","-$2,957.33"
2023,Corn,RP,Harvested,Heat,MAY,2,"$3,159.00","$21,741.50"
2023,Corn,RP,Unharvested,Hail,AUG,2,"$5,195.37","$31,601.76"
2023,Corn,RP,Harvested,Hail,MAY,2,$64.00,$108.50
2023,Corn,RP,Harvested,Hail,NOV,3,$931.00,"$6,117.00"
2023,Corn,RP,Harvested,Hail,JUN,2,"$1,223.00","$15,639.00"
2023,Corn,RP,Harvested,Hail,JUL,8,"$2,829.20","$7,511.98"
2023,Corn,RP,Unharvested,Hail,JUL,6,"$5,574.27","$46,257.55"
2023,Corn,RP,Replanted,Excess Moisture/Precipitation/Rain,MAY,6,"$1,190.33","$2,054.33"
2023,Corn,MP,Final Loss Payment,ARPI/SCO/ECO/STAX/MP/HIP-WI/PACE Crops Only,JUN,1,"$67,251.00","$159,464.00"
2023,Corn,ECO-RPHPE,Final Loss Payment,ARPI/SCO/ECO/STAX/MP/HIP-WI/PACE Crops Only,JUN,2,"$3,947.50","$12,021.50"
2023,Corn,MP-HPO,Final Loss Payment,ARPI/SCO/ECO/STAX/MP/HIP-WI/PACE Crops Only,JUN,27,"$12,110.48","$26,292.26"
2023,Corn,ECO-RP,Final Loss Payment,ARPI/SCO/ECO/STAX/MP/HIP-WI/PACE Crops Only,JUN,41,"$7,592.95","$26,156.12"
2023,Corn,ARP,Final Loss Payment,ARPI/SCO/ECO/STAX/MP/HIP-WI/PACE Crops Only,JUN,1,"$4,634.00","$18,065.00"
2023,Corn,SCO-RP,Final Loss Payment,ARPI/SCO/ECO/STAX/MP/HIP-WI/PACE Crops Only,JUN,17,"$1,570.06","$9,141.65"
2023,Corn,RP,Harvested,Insects,JUL,1,"$3,225.00","$11,439.00"
2023,Corn,RP,Harvested,Insects,JUN,1,$220.50,-$10.00
2023,Corn,RP,Unharvested,Insects,JUN,1,$220.50,"$8,624.00"
2023,Corn,RP,Unharvested,Insects,AUG,1,"$1,208.00","$14,348.00"
2023,Corn,RP,Harvested,Plant Disease,JUL,1,"$3,116.00","-$11,252.00"
2023,Corn,RP,Unharvested,Plant Disease,AUG,3,"$6,281.67","$46,778.67"
2023,Corn,RP,Harvested,Plant Disease,SEP,1,$612.00,"$17,288.50"
2023,Corn,RP,Unharvested,Plant Disease,JUL,1,"$9,570.00","$165,908.00"
2023,Corn,RP,Unharvested,"Other (Snow, Lightning, Etc.)",AUG,3,"$3,007.50","$12,196.00"
2023,Corn,RP,Harvested,"Other (Snow, Lightning, Etc.)",AUG,1,"$1,322.50","$8,952.00"
2022,Corn,RP,Unharvested,Decline in Price,AUG,2,"$5,176.50","$33,177.50"
2022,Corn,RP,Unharvested,Drought,AUG,56,"$7,103.71","$46,167.93"
2022,Corn,YP,Unharvested,Drought,JUL,2,"$3,671.50","$28,084.00"
2022,Corn,RPHPE,Replanted,Drought,MAY,1,"$3,829.00","$1,772.00"
2022,Corn,RP,Harvested,Drought,JUN,30,"$2,890.35","$16,879.91"
2022,Corn,RP,Unharvested,Drought,JUL,117,"$7,779.52","$50,645.85"
2022,Corn,RP,Harvested,Drought,MAY,1,"$2,526.50","$12,867.00"
2022,Corn,RP,Unharvested,Drought,JUN,14,"$1,923.07","$18,902.43"
2022,Corn,RP,Replanted,Drought,MAY,2,"$1,594.00","$3,432.50"
2022,Corn,RP,Harvested,Drought,OCT,21,"$3,756.29","$25,654.71"
2022,Corn,RP,Harvested,Drought,JUL,133,"$3,846.09","$21,472.14"
2022,Corn,RP,Harvested,Drought,SEP,10,"$10,718.63","$57,540.90"
2022,Corn,YP,Unharvested,Drought,AUG,3,"$1,505.33","$24,153.00"
2022,Corn,RP,Unharvested,Drought,NOV,1,"$3,167.00","$1,237.00"
2022,Corn,RP,Harvested,Drought,AUG,32,"$4,489.99","$30,847.14"
2022,Corn,RP,Unharvested,Drought,SEP,14,"$11,590.86","$79,435.64"
2022,Corn,RP,Unharvested,Drought,APR,4,"$2,757.13","$38,316.50"
2022,Corn,RP,Harvested,Drought,NOV,9,"$4,673.94","$4,508.11"
2022,Corn,RP,Unharvested,Drought,OCT,1,"$18,027.00","$71,542.00"
2022,Corn,RP,Unharvested,Heat,AUG,2,"$7,955.50","$40,369.50"
2022,Corn,RP,Harvested,Heat,JUN,3,"$5,730.67","$24,034.83"
2022,Corn,RP,Unharvested,Heat,JUN,1,"$4,871.00","-$24,376.00"
2022,Corn,RP,Harvested,Heat,JUL,1,"$2,906.50","$10,227.50"
2022,Corn,RP,Unharvested,Heat,JUL,2,"$2,886.00","$52,960.50"
2022,Corn,RP,Harvested,Failure of Irrigation Supply,NOV,1,"$2,435.00","$18,013.00"
2022,Corn,RP,Harvested,Hail,SEP,1,"$2,272.25","$6,872.00"
2022,Corn,RP,Replanted,Cold Wet Weather,MAY,1,"$4,974.00","$1,001.00"
2022,Corn,ECO-RP,Final Loss Payment,ARPI/SCO/ECO/STAX/MP/HIP-WI/PACE Crops Only,JUN,37,"$5,484.03","$15,021.27"
2022,Corn,MP-HPO,Final Loss Payment,ARPI/SCO/ECO/STAX/MP/HIP-WI/PACE Crops Only,JUN,18,"$13,171.33","$82,734.78"
2022,Corn,ARP,Final Loss Payment,ARPI/SCO/ECO/STAX/MP/HIP-WI/PACE Crops Only,JUN,2,"$4,412.00","$4,117.50"
2022,Corn,MP-HPO,Final Loss Payment,ARPI/SCO/ECO/STAX/MP/HIP-WI/PACE Crops Only,JUL,1,"$1,632.00","$11,084.00"
2022,Corn,ECO-YP,Final Loss Payment,ARPI/SCO/ECO/STAX/MP/HIP-WI/PACE Crops Only,JUN,1,$798.00,"$5,610.00"
2022,Corn,AYP,Final Loss Payment,ARPI/SCO/ECO/STAX/MP/HIP-WI/PACE Crops Only,JUN,3,"$3,652.00","$12,421.67"
2022,Corn,RP,Unharvested,Hot Wind,JUL,1,"$19,496.00","$13,838.00"
2022,Corn,RP,Harvested,Hot Wind,JUL,1,$561.00,"-$6,644.00"
2022,Corn,RP,Unharvested,"Other (Snow, Lightning, Etc.)",SEP,2,"$2,970.00","-$14,198.00"
2021,Corn,RP,Harvested,Decline in Price,JUL,1,"$2,818.00","$4,898.00"
2021,Corn,RP,Harvested,Drought,AUG,2,"$1,942.00","$1,492.50"
2021,Corn,RP,Harvested,Drought,JUN,2,$455.50,"$1,209.50"
2021,Corn,RP,Unharvested,Drought,JUN,5,$894.60,"$5,926.00"
2021,Corn,RP,Replanted,Drought,MAY,1,"$1,729.00","$2,059.00"
2021,Corn,RP,Harvested,Drought,JUL,4,"$1,997.00","$21,788.00"
2021,Corn,RP,Unharvested,Drought,AUG,2,"$2,005.50","$3,171.00"
2021,Corn,RP,Unharvested,Drought,JUL,3,"$4,615.33","$19,364.00"
2021,Corn,RP,Unharvested,Hail,JUL,11,"$1,958.94","$18,955.05"
2021,Corn,RP,Harvested,Hail,JUL,9,"$2,656.90","$30,790.07"
2021,Corn,RP,Harvested,Hail,AUG,9,"$1,698.60","$19,474.27"
2021,Corn,RP,Unharvested,Hail,AUG,9,"$1,998.47","$16,673.38"
2021,Corn,RP,Harvested,Hail,OCT,1,"$7,103.00",$2.00
2021,Corn,RP,Harvested,Hail,NOV,1,$963.00,"$7,327.00"
2021,Corn,RP,Unharvested,Wind/Excess Wind,JUL,1,"$1,774.00","$30,920.00"
2021,Corn,RP,Unharvested,Insects,OCT,1,"$3,856.00","$5,537.00"
2021,Corn,YP,Harvested,"Other (Snow, Lightning, Etc.)",SEP,1,$655.00,$847.00
2020,Corn,RP,Unharvested,Decline in Price,AUG,1,$843.00,"-$12,774.00"
2020,Corn,RP,Harvested,Decline in Price,NOV,1,"$2,597.00","$7,296.00"
2020,Corn,RP,Harvested,Decline in Price,AUG,1,$821.00,"$2,341.00"
2020,Corn,RP,Harvested,Drought,NOV,9,"$3,435.22","$5,474.00"
2020,Corn,RP,Unharvested,Drought,JUL,18,"$1,922.28","$17,641.05"
2020,Corn,RP,Unharvested,Drought,JUN,11,"$2,216.98","$12,643.85"
2020,Corn,RP,Harvested,Drought,JUN,19,$951.92,"$7,623.29"
2020,Corn,RP,Harvested,Drought,AUG,83,"$2,038.31","$8,250.35"
2020,Corn,RP,Harvested,Drought,OCT,13,"$2,374.54","$7,982.92"
2020,Corn,RP,Unharvested,Drought,SEP,11,"$2,045.03","$10,631.74"
2020,Corn,RP,Harvested,Drought,SEP,6,"$1,352.03","$6,161.43"
2020,Corn,RPHPE,Harvested,Drought,JUL,1,$785.00,$84.00
2020,Corn,RPHPE,Harvested,Drought,NOV,1,"$1,347.00","$21,878.00"
2020,Corn,YP,Unharvested,Drought,SEP,1,"$4,765.00","$12,936.00"
2020,Corn,RPHPE,Unharvested,Drought,AUG,1,"$1,031.00","$35,342.00"
2020,Corn,RP,Harvested,Drought,JUL,19,"$1,628.63","$9,957.92"
2020,Corn,RP,Unharvested,Drought,AUG,44,"$3,165.31","$13,493.91"
2020,Corn,RP,Harvested,Drought,DEC,1,"$1,224.00","$4,846.00"
2020,Corn,RPHPE,Unharvested,Drought,JUL,1,$980.00,"$26,153.60"
2020,Corn,RP,Unharvested,Drought,NOV,1,"$3,616.00","$20,443.00"
2020,Corn,RP,Unharvested,Heat,JUN,2,$679.00,$470.00
2020,Corn,RPHPE,Unharvested,Heat,JUL,1,$245.00,"$6,538.40"
2020,Corn,RP,Unharvested,Hail,NOV,1,"$13,763.00","$37,779.00"
2020,Corn,RP,Unharvested,Hail,JUN,1,$791.25,"$5,586.45"
2020,Corn,RP,Harvested,Hail,JUN,1,$175.00,"$2,783.75"
2020,Corn,RP,Prevented Planting - Unplanted Acreage with 5% buyup option,Excess Moisture/Precipitation/Rain,MAY,1,"$1,086.00","$17,294.40"
2020,Corn,RP,Reduced Prevented Planting,Excess Moisture/Precipitation/Rain,MAY,3,$968.00,"$11,555.33"
2020,Corn,RP,Prevented Planting - Unplanted Acreage with 5% buyup option,Excess Moisture/Precipitation/Rain,APR,1,$724.00,"$11,529.60"
2020,Corn,RP,Harvested,Excess Moisture/Precipitation/Rain,JUN,1,"$2,692.50","$9,254.00"
2020,Corn,RP,Prevented Planting - Unplanted Acreage with 5% buyup option,Excess Moisture/Precipitation/Rain,DEC,1,$335.00,"$5,281.00"
2020,Corn,RP,Unharvested,Excess Moisture/Precipitation/Rain,JUN,1,$80.00,"$1,305.00"
2020,Corn,RPHPE,Reduced Prevented Planting,Excess Moisture/Precipitation/Rain,JUL,1,"$1,764.00","$19,325.00"
2020,Corn,RP,Harvested,Cold Wet Weather,JUL,1,$267.00,"$10,118.00"
2020,Corn,RP,Prevented Planting - Unplanted Acreage with 5% buyup option,Flood,APR,1,"$1,811.00","$40,819.00"
2020,Corn,RP,Reduced Prevented Planting,Flood,JUN,1,$390.00,"$15,253.00"
2020,Corn,RP,Harvested,Wind/Excess Wind,OCT,1,$219.20,$567.20
2020,Corn,RP,Harvested,Wind/Excess Wind,JUL,1,$67.00,"$1,486.00"
2020,Corn,RP,Unharvested,Insects,SEP,1,$905.00,"$1,148.00"
2020,Corn,RP,Unharvested,"Other (Snow, Lightning, Etc.)",SEP,3,$558.00,"$2,703.67"
2020,Corn,RP,Harvested,"Other (Snow, Lightning, Etc.)",SEP,1,"$1,609.00","$10,335.00"
2020,Corn,RP,Unharvested,"Other (Snow, Lightning, Etc.)",AUG,2,$794.00,$363.00
2019,Corn,RP,Harvested,Decline in Price,NOV,21,"$1,586.33","$3,174.88"
2019,Corn,RP,Harvested,Decline in Price,OCT,3,"$1,189.25",$277.00
2019,Corn,RP,Unharvested,Decline in Price,NOV,11,$633.37,"$1,575.59"
2019,Corn,RP,Unharvested,Decline in Price,SEP,1,"$4,440.00","$2,884.00"
2019,Corn,RP,Unharvested,Decline in Price,OCT,1,$233.00,"-$1,364.00"
2019,Corn,RP,Unharvested,Hail,AUG,1,$701.30,"$2,372.20"
2019,Corn,RP,Harvested,Hail,AUG,1,"$3,975.00","$18,884.00"
2019,Corn,RPHPE,Not Replanted,Excess Moisture/Precipitation/Rain,JUN,0,#DIV/0!,?
2019,Corn,RP,Unharvested,Excess Moisture/Precipitation/Rain,JUL,3,"$4,443.83","$19,037.67"
2019,Corn,RP,Reduced Prevented Planting,Excess Moisture/Precipitation/Rain,MAR,2,"$2,737.50","$29,675.50"
2019,Corn,RPHPE,Harvested,Excess Moisture/Precipitation/Rain,JUN,1,$132.00,$216.00
2019,Corn,RP,Harvested,Excess Moisture/Precipitation/Rain,JUL,2,$800.13,-$753.75
2019,Corn,RPHPE,Harvested,Excess Moisture/Precipitation/Rain,JUL,1,$153.00,"$1,964.00"
2019,Corn,RP,Harvested,Excess Moisture/Precipitation/Rain,OCT,5,"$2,113.00","$6,106.40"
2019,Corn,RPHPE,Reduced Prevented Planting,Excess Moisture/Precipitation/Rain,JUN,1,"$2,942.00","$73,084.00"
2019,Corn,RP,Unharvested,Excess Moisture/Precipitation/Rain,OCT,4,"$1,073.00","$8,076.00"
2019,Corn,YP,Reduced Prevented Planting,Excess Moisture/Precipitation/Rain,MAY,2,$253.50,"$9,005.00"
2019,Corn,RPHPE,Harvested,Excess Moisture/Precipitation/Rain,OCT,1,$991.00,"$3,444.00"
2019,Corn,RP,Reduced Prevented Planting,Excess Moisture/Precipitation/Rain,JUN,30,$993.18,"$18,097.23"
2019,Corn,RP,Unharvested,Excess Moisture/Precipitation/Rain,MAY,5,"$1,323.72","$5,791.81"
2019,Corn,RP,Replanted,Excess Moisture/Precipitation/Rain,MAY,27,"$1,209.46",$691.44
2019,Corn,RP,Unharvested,Excess Moisture/Precipitation/Rain,APR,1,"$1,083.00","$7,815.00"
2019,Corn,RP,Unharvested,Excess Moisture/Precipitation/Rain,JUN,14,"$1,929.86","$10,048.81"
2019,Corn,RP,Harvested,Excess Moisture/Precipitation/Rain,APR,4,"$1,219.00","$8,120.00"
2019,Corn,RP,Harvested,Excess Moisture/Precipitation/Rain,AUG,2,$991.00,"$4,633.50"
2019,Corn,RP,Prevented Planting - Unplanted Acreage with 5% buyup option,Excess Moisture/Precipitation/Rain,MAY,3,"$2,454.67","$35,794.00"
2019,Corn,RP,Harvested,Excess Moisture/Precipitation/Rain,NOV,5,"$3,083.46","$12,167.02"
2019,Corn,RP,Unharvested,Excess Moisture/Precipitation/Rain,SEP,9,"$2,435.86","$11,614.41"
2019,Corn,RP,Harvested,Excess Moisture/Precipitation/Rain,DEC,2,$989.75,"$11,237.00"
2019,Corn,RPHPE,Replanted,Excess Moisture/Precipitation/Rain,JUN,1,$216.00,$730.00
2019,Corn,RPHPE,Harvested,Excess Moisture/Precipitation/Rain,MAY,2,$765.25,"$5,341.50"
2019,Corn,RP,Harvested,Excess Moisture/Precipitation/Rain,SEP,15,"$1,562.48","$9,759.09"
2019,Corn,YP,Reduced Prevented Planting,Excess Moisture/Precipitation/Rain,JUN,1,$290.00,"$22,206.00"
2019,Corn,RP,Harvested,Excess Moisture/Precipitation/Rain,JUN,38,"$1,914.91","$11,754.13"
2019,Corn,YP,Replanted,Excess Moisture/Precipitation/Rain,MAY,1,"$3,832.00",$688.00
2019,Corn,RP,Unharvested,Excess Moisture/Precipitation/Rain,AUG,2,"$3,322.85","$10,879.10"
2019,Corn,RP,Prevented Planting - Unplanted Acreage with 5% buyup option,Excess Moisture/Precipitation/Rain,JUN,1,"$3,831.00","$108,186.00"
2019,Corn,RP,Unharvested,Excess Moisture/Precipitation/Rain,NOV,1,"$2,630.00","$60,877.00"
2019,Corn,RP,Harvested,Excess Moisture/Precipitation/Rain,MAY,5,"$1,259.90","$4,075.60"
2019,Corn,RPHPE,Reduced Prevented Planting,Excess Moisture/Precipitation/Rain,SEP,1,$76.00,"$4,120.00"
2019,Corn,RP,Unharvested,Excess Moisture/Precipitation/Rain,DEC,1,$687.50,$68.00
2019,Corn,RP,Reduced Prevented Planting,Excess Moisture/Precipitation/Rain,APR,5,$472.40,"$10,998.00"
2019,Corn,YP,Unharvested,Excess Moisture/Precipitation/Rain,JUL,1,"$1,286.00","$11,328.00"
2019,Corn,RP,Replanted,Excess Moisture/Precipitation/Rain,JUN,23,"$2,011.02","$1,452.35"
2019,Corn,RP,Reduced Prevented Planting,Excess Moisture/Precipitation/Rain,MAY,19,$625.97,"$16,751.79"
2019,Corn,RPHPE,Reduced Prevented Planting,Excess Moisture/Precipitation/Rain,JUL,1,"$1,831.00","$19,584.00"
2019,Corn,YP,Harvested,Excess Moisture/Precipitation/Rain,APR,1,$662.00,"$6,594.00"
2019,Corn,RPHPE,Unharvested,Excess Moisture/Precipitation/Rain,MAY,1,$554.50,$626.00
2019,Corn,RP,Reduced Prevented Planting,Cold Wet Weather,APR,1,$134.50,"$4,801.50"
2019,Corn,RP,Harvested,Cold Wet Weather,MAY,2,$863.50,"$7,134.25"
2019,Corn,RP,Harvested,Cold Wet Weather,APR,1,$347.00,"-$1,146.50"
2019,Corn,RP,Unharvested,Cold Wet Weather,APR,1,"$1,049.00","$2,564.50"
2019,Corn,RP,Unharvested,Cold Wet Weather,SEP,2,$712.00,"$5,220.00"
2019,Corn,RP,Replanted,Cold Wet Weather,MAY,1,$189.00,$333.00
2019,Corn,RP,Reduced Prevented Planting,Cold Wet Weather,MAY,2,$69.25,"$2,570.75"
2019,Corn,RP,Unharvested,Cold Wet Weather,MAY,1,"$1,049.00","$2,564.50"
2019,Corn,RP,Harvested,Flood,JUL,1,$865.50,"$1,647.00"
2019,Corn,RP,Harvested,Flood,NOV,1,$112.00,"$2,262.00"
2019,Corn,ARP,Final Loss Payment,ARPI/SCO/STAX/MP Crops Only,APR,1,"$1,007.00","$10,690.00"
2019,Corn,RP,Unharvested,Wind/Excess Wind,JUL,6,$667.16,"$2,716.01"
2019,Corn,RP,Harvested,Wind/Excess Wind,JUL,12,"$1,474.61","$9,168.88"
2019,Corn,RP,Harvested,Wind/Excess Wind,SEP,3,$106.67,"$1,886.33"
2019,Corn,RP,Unharvested,Wind/Excess Wind,SEP,3,"$1,883.67","$7,199.00"
2019,Corn,RP,Unharvested,"Other (Snow, Lightning, Etc.)",OCT,1,"$1,537.00","$1,545.00"
2019,Corn,RP,Unharvested,"Other (Snow, Lightning, Etc.)",SEP,5,"$2,818.90","$8,426.00"
2018,Corn,RP,Unharvested,Decline in Price,DEC,1,"$2,162.00","$8,613.00"
2018,Corn,RP,Harvested,Decline in Price,NOV,28,"$1,765.31","$2,051.90"
2018,Corn,RP,Harvested,Decline in Price,DEC,4,"$2,572.50","$3,624.75"
2018,Corn,RP,Unharvested,Decline in Price,SEP,1,"$15,450.00","$22,240.00"
2018,Corn,RP,Harvested,Decline in Price,JUN,1,"$7,892.00","$9,500.00"
2018,Corn,RP,Harvested,Decline in Price,AUG,4,"$1,811.75","$4,218.00"
2018,Corn,RP,Harvested,Decline in Price,JUL,1,$333.00,$797.00
2018,Corn,RP,Harvested,Decline in Price,OCT,2,"$2,073.74","$1,755.80"
2018,Corn,RP,Harvested,Decline in Price,SEP,1,"$15,662.00","$26,796.00"
2018,Corn,RP,Unharvested,Decline in Price,AUG,3,"$3,662.33","$1,454.00"
2018,Corn,RP,Unharvested,Decline in Price,NOV,6,$800.12,"$2,201.47"
2018,Corn,RP,Harvested,Hail,NOV,1,"$3,018.00","$3,169.00"
2018,Corn,RP,Harvested,Hail,AUG,5,$849.21,"$2,458.20"
2018,Corn,RP,Unharvested,Hail,AUG,4,"$2,610.06","$27,089.13"
2018,Corn,RP,Unharvested,Excess Moisture/Precipitation/Rain,AUG,3,"$1,141.70","$6,943.53"
2018,Corn,RP,Unharvested,Excess Moisture/Precipitation/Rain,JUN,6,"$1,083.04","$10,896.25"
2018,Corn,RP,Harvested,Excess Moisture/Precipitation/Rain,NOV,2,"$2,050.00","$2,866.00"
2018,Corn,RP,Harvested,Excess Moisture/Precipitation/Rain,JUL,14,"$2,258.04","$12,535.21"
2018,Corn,YP,Harvested,Excess Moisture/Precipitation/Rain,JUN,1,$456.39,"$1,858.89"
2018,Corn,RP,Harvested,Excess Moisture/Precipitation/Rain,JUN,35,"$1,299.08","$5,544.15"
2018,Corn,RP,Unharvested,Excess Moisture/Precipitation/Rain,APR,2,$458.25,"$2,571.00"
2018,Corn,RP,Harvested,Excess Moisture/Precipitation/Rain,SEP,1,"$3,973.00","$24,181.00"
2018,Corn,YP,Harvested,Excess Moisture/Precipitation/Rain,JUL,1,$456.39,"$1,858.89"
2018,Corn,RP,Unharvested,Excess Moisture/Precipitation/Rain,OCT,2,"$1,766.00","-$19,648.00"
2018,Corn,RP,Unharvested,Excess Moisture/Precipitation/Rain,JUL,6,$928.75,"$5,217.33"
2018,Corn,YP,Harvested,Excess Moisture/Precipitation/Rain,AUG,1,$470.22,"$1,915.22"
2018,Corn,RP,Harvested,Excess Moisture/Precipitation/Rain,APR,1,"$1,440.00","$4,576.00"
2018,Corn,RP,Reduced Prevented Planting,Excess Moisture/Precipitation/Rain,JUL,1,$469.00,"$17,990.00"
2018,Corn,RP,Harvested,Excess Moisture/Precipitation/Rain,AUG,10,$803.44,"$5,855.91"
2018,Corn,RP,Harvested,Excess Moisture/Precipitation/Rain,DEC,3,"$2,068.67","$8,585.00"
2018,Corn,RP,Replanted,Cold Wet Weather,MAY,1,"$1,413.00","$4,541.00"
2018,Corn,RP,Harvested,Flood,OCT,1,"$1,970.00","$19,675.00"
2018,Corn,RP,Unharvested,Flood,AUG,3,"$1,152.75","$13,538.75"
2018,Corn,RP,Unharvested,Flood,JUN,18,"$1,189.30","$23,901.41"
2018,Corn,RP,Harvested,Flood,JUL,9,$599.22,"$7,110.93"
2018,Corn,RP,Harvested,Flood,AUG,2,$523.50,"$2,286.00"
2018,Corn,RP,Unharvested,Flood,JUL,4,$959.63,"$24,883.50"
2018,Corn,RPHPE,Unharvested,Flood,JUN,2,$507.50,"$10,035.00"
2018,Corn,RPHPE,Harvested,Flood,JUN,2,$507.50,"-$3,087.00"
2018,Corn,RP,Harvested,Flood,JUN,21,$980.62,"$12,622.00"
2018,Corn,RP,Harvested,Flood,SEP,3,$861.83,"$13,380.77"
2018,Corn,RP,Harvested,Wind/Excess Wind,OCT,1,"$1,817.20","$6,250.00"
2018,Corn,RP,Third Party Damage - Appraised Acreage on Same Acreage,Federal or State Ordered Destruction,JUN,1,"$1,166.50",-$327.00
2018,Corn,RP,Harvested,"Other (Snow, Lightning, Etc.)",AUG,1,"$2,627.00","$1,710.00"
2018,Corn,RP,Unharvested,"Other (Snow, Lightning, Etc.)",JUN,1,$805.00,"$2,006.00"
2018,Corn,RP,Harvested,All Other Causes,AUG,2,$371.60,$975.20
2017,Corn,RP,Unharvested,Decline in Price,OCT,1,"$3,599.50",$258.00
2017,Corn,RP,Harvested,Decline in Price,AUG,1,"$7,192.00","$18,954.00"
2017,Corn,RP,Harvested,Decline in Price,SEP,3,"$1,320.33","$1,607.67"
2017,Corn,RP,Harvested,Decline in Price,JUL,2,$566.00,$783.00
2017,Corn,RP,Unharvested,Decline in Price,SEP,3,"$5,919.00","$12,504.67"
2017,Corn,RP,Unharvested,Decline in Price,JUL,1,$569.00,$247.00
2017,Corn,RP,Harvested,Decline in Price,NOV,14,"$1,729.84","$4,768.69"
2017,Corn,RP,Harvested,Decline in Price,OCT,2,"$4,950.75","$3,704.50"
2017,Corn,RP,Unharvested,Decline in Price,AUG,1,"$1,931.00",$312.00
2017,Corn,RP,Harvested,Decline in Price,DEC,1,"$1,722.00","$6,130.00"
2017,Corn,RP,Unharvested,Decline in Price,NOV,3,"$1,104.67","$2,327.42"
2017,Corn,RP,Harvested,Drought,JUL,23,"$2,009.68","$11,278.56"
2017,Corn,RP,Unharvested,Drought,JUN,2,"$2,182.75","$32,939.00"
2017,Corn,RPHPE,Unharvested,Drought,SEP,1,$980.00,"$8,949.00"
2017,Corn,RP,Unharvested,Drought,AUG,10,"$2,433.95","$15,586.70"
2017,Corn,RP,Harvested,Drought,NOV,4,"$1,024.61","$6,996.22"
2017,Corn,RP,Unharvested,Drought,SEP,1,"$3,118.00",-$362.00
2017,Corn,RP,Harvested,Drought,AUG,4,"$2,232.75","$5,331.75"
2017,Corn,RP,Harvested,Drought,OCT,3,"$1,441.00","$8,275.00"
2017,Corn,RP,Harvested,Drought,DEC,1,"$19,841.00","$106,403.00"
2017,Corn,RP,Unharvested,Drought,OCT,1,"$2,833.00","$8,715.00"
2017,Corn,RPHPE,Harvested,Drought,JUL,3,$854.00,"$3,798.00"
2017,Corn,RPHPE,Unharvested,Drought,JUL,1,$700.00,"$13,939.00"
2017,Corn,RP,Unharvested,Drought,JUL,20,"$2,738.50","$21,630.51"
2017,Corn,RP,Harvested,Drought,JUN,3,$960.17,"$3,737.00"
2017,Corn,RPHPE,Unharvested,Drought,JUN,1,"$1,013.60","$29,380.80"
2017,Corn,RP,Unharvested,Drought,NOV,2,"$1,398.00","$10,350.50"
2017,Corn,YP,Unharvested,Heat,SEP,1,$216.00,"$35,364.00"
2017,Corn,RP,Harvested,Heat,JUL,1,"$1,380.00","$1,846.00"
2017,Corn,RP,Harvested,Hail,JUL,1,$97.00,$756.00
2017,Corn,RP,Unharvested,Hail,JUN,2,"$1,020.00","$3,922.75"
2017,Corn,RP,Harvested,Hail,JUN,1,"$1,793.50","$23,001.00"
2017,Corn,RP,Harvested,Excess Moisture/Precipitation/Rain,NOV,1,"$2,476.00","$8,247.00"
2017,Corn,RP,Harvested,Excess Moisture/Precipitation/Rain,JUN,1,$963.00,"$2,952.60"
2017,Corn,RP,Unharvested,Excess Moisture/Precipitation/Rain,JUL,2,$138.00,"$1,868.00"
2017,Corn,RP,Unharvested,Excess Moisture/Precipitation/Rain,MAY,1,"$1,705.00","$9,889.00"
2017,Corn,RPHPE,Replanted,Excess Moisture/Precipitation/Rain,MAY,1,$149.00,"$4,349.00"
2017,Corn,YP,Replanted,Excess Moisture/Precipitation/Rain,MAY,1,"$2,746.00","$2,433.00"
2017,Corn,RP,Harvested,Excess Moisture/Precipitation/Rain,OCT,2,"$2,397.00","$10,787.00"
2017,Corn,RP,Replanted,Excess Moisture/Precipitation/Rain,MAY,3,"$1,219.00","$1,109.67"
2017,Corn,RP,Unharvested,Excess Moisture/Precipitation/Rain,JUN,1,"$1,221.00",$119.00
2017,Corn,RP,Unharvested,Excess Moisture/Precipitation/Rain,OCT,2,"$3,256.50","$15,002.50"
2017,Corn,RP,Unharvested,Excess Moisture/Precipitation/Rain,SEP,3,"$1,474.33","$9,251.67"
2017,Corn,YP,Harvested,Frost,NOV,1,$477.00,"$11,533.00"
2017,Corn,RP,Harvested,Cold Wet Weather,JUL,1,"$8,447.00","$14,290.00"
2017,Corn,RP,Harvested,Cold Wet Weather,JUN,1,$154.00,$423.00
2017,Corn,RP,Harvested,Cold Wet Weather,MAY,1,$507.00,"$1,803.00"
2017,Corn,RP,Replanted,Cold Wet Weather,MAY,4,"$1,486.75",$842.00
2017,Corn,RP,Unharvested,Cold Wet Weather,JUL,3,"$3,970.67","$18,537.33"
2017,Corn,RP,Harvested,Cold Wet Weather,AUG,1,$137.00,"$1,645.00"
2017,Corn,RPHPE,Unharvested,Wind/Excess Wind,OCT,1,$253.40,"$7,345.20"
2017,Corn,RP,Harvested,"Other (Snow, Lightning, Etc.)",SEP,1,"$1,373.00",$502.00
2017,Corn,RP,Unharvested,"Other (Snow, Lightning, Etc.)",AUG,1,$168.00,"$2,322.00"
2017,Corn,RP,Unharvested,"Other (Snow, Lightning, Etc.)",SEP,3,"$1,657.33","$4,541.67"
2017,Corn,RP,Harvested,"Other (Snow, Lightning, Etc.)",NOV,1,"$1,645.00","$1,910.00"
2017,Corn,RP,Unharvested,"Other (Snow, Lightning, Etc.)",NOV,1,$322.00,"$3,887.00"
2016,Corn,RP,Harvested,Decline in Price,DEC,2,"$1,520.60","$3,511.90"
2016,Corn,RP,Unharvested,Decline in Price,AUG,2,"$1,231.50","$2,893.50"
2016,Corn,RP,Harvested,Decline in Price,OCT,1,"$1,450.00","$3,210.00"
2016,Corn,RP,Unharvested,Decline in Price,DEC,1,"$1,537.00",-$819.00
2016,Corn,RP,Harvested,Decline in Price,SEP,1,"$1,634.00","$1,397.00"
2016,Corn,RP,Harvested,Decline in Price,NOV,5,"$1,721.20","$1,280.20"
2016,Corn,RP,Harvested,Drought,JUL,5,"$1,946.00","$15,333.00"
2016,Corn,RP,Unharvested,Drought,AUG,2,$586.50,"$13,237.70"
2016,Corn,RP,Harvested,Drought,AUG,2,"$6,162.50","$9,658.50"
2016,Corn,RP,Harvested,Heat,JUL,1,$679.00,"$6,074.00"
2016,Corn,RP,Harvested,Hail,NOV,1,"$3,138.00","$7,545.00"
2016,Corn,RP,Unharvested,Hail,JUN,3,$874.33,"$10,953.67"
2016,Corn,RP,Unharvested,Hail,SEP,1,"$2,404.00","$2,688.00"
2016,Corn,RP,Harvested,Hail,JUN,2,$457.50,"$1,413.00"
2016,Corn,RP,Harvested,Excess Moisture/Precipitation/Rain,JUL,2,"$3,123.50","$1,226.00"
2016,Corn,RP,Unharvested,Excess Moisture/Precipitation/Rain,OCT,1,"$8,282.00","$9,575.00"
2016,Corn,RP,Harvested,Excess Moisture/Precipitation/Rain,MAY,3,$659.67,"$4,774.33"
2016,Corn,RP,Replanted,Excess Moisture/Precipitation/Rain,MAY,12,"$1,423.00","$1,182.08"
2016,Corn,RP,Replanted,Excess Moisture/Precipitation/Rain,APR,1,$488.00,$525.00
2016,Corn,RP,Harvested,Excess Moisture/Precipitation/Rain,AUG,3,$796.67,"$2,574.67"
2016,Corn,RP,Unharvested,Excess Moisture/Precipitation/Rain,JUL,1,"$1,639.00","$6,704.00"
2016,Corn,RP,Harvested,Excess Moisture/Precipitation/Rain,DEC,3,"$1,206.00","$7,006.00"
2016,Corn,RP,Replanted,Excess Moisture/Precipitation/Rain,JUN,2,"$3,398.50",$911.00
2016,Corn,RP,Unharvested,Excess Moisture/Precipitation/Rain,SEP,1,$513.00,$149.00
2016,Corn,RP,Unharvested,Excess Moisture/Precipitation/Rain,MAY,1,"$3,036.00","-$15,088.00"
2016,Corn,RP,Unharvested,Excess Moisture/Precipitation/Rain,AUG,5,"$2,380.60","$5,060.20"
2016,Corn,RP,Harvested,Excess Moisture/Precipitation/Rain,JUN,2,"$2,581.50","$2,964.50"
2016,Corn,RP,Harvested,Cold Wet Weather,MAY,2,"$1,347.00","$1,072.50"
2016,Corn,RP,Replanted,Cold Wet Weather,MAY,4,"$2,701.25","$1,327.75"
2016,Corn,RP,Replanted,Flood,MAY,1,"$1,456.00",$434.00
2016,Corn,ARP,Final Loss Payment,ARPI/SCO/STAX/MP Crops Only,APR,1,"$1,069.00",$708.00
2016,Corn,RP,Harvested,Wind/Excess Wind,JUL,1,"$1,318.80",$825.20
2016,Corn,RP,Unharvested,Wind/Excess Wind,JUN,1,$995.00,"$23,886.00"
2016,Corn,RP,Unharvested,Plant Disease,AUG,1,"$1,056.00","$30,471.60"
2015,Corn,RP,Unharvested,Decline in Price,JUN,1,"$1,513.00",$856.00
2015,Corn,RP,Harvested,Decline in Price,DEC,1,"$1,488.00","$1,480.00"
2015,Corn,RP,Unharvested,Decline in Price,SEP,1,$376.50,"$1,043.00"
2015,Corn,RP,Harvested,Decline in Price,SEP,1,$376.50,"$1,563.00"
2015,Corn,RP,Harvested,Decline in Price,JUL,3,"$1,641.33","$1,305.00"
2015,Corn,RP,Unharvested,Decline in Price,NOV,1,$916.50,"$2,566.00"
2015,Corn,RPHPE,Harvested,Decline in Price,NOV,1,"$1,069.00",$753.00
2015,Corn,RP,Harvested,Decline in Price,OCT,3,"$3,100.67","$4,553.33"
2015,Corn,RP,Unharvested,Decline in Price,OCT,1,"$2,226.00","$1,505.00"
2015,Corn,RP,Unharvested,Decline in Price,AUG,5,"$2,355.70","$5,865.20"
2015,Corn,RP,Harvested,Decline in Price,NOV,22,"$2,022.17","$2,723.00"
2015,Corn,RP,Harvested,Decline in Price,AUG,3,"$1,884.83","$1,643.67"
2015,Corn,RP,Unharvested,Drought,JUN,1,"$2,146.00","$4,198.00"
2015,Corn,RP,Harvested,Drought,OCT,4,$436.13,"$2,693.00"
2015,Corn,RP,Harvested,Drought,DEC,1,"$4,824.00","$14,363.00"
2015,Corn,RP,Unharvested,Drought,OCT,3,"$1,550.17","$8,886.00"
2015,Corn,RP,Unharvested,Drought,JUL,3,"$2,833.67","$15,694.33"
2015,Corn,RP,Harvested,Drought,JUL,2,$126.00,"$1,806.00"
2015,Corn,RP,Replanted,Hail,MAY,1,"$4,051.00","$2,231.00"
2015,Corn,RP,Harvested,Excess Moisture/Precipitation/Rain,JUL,4,"$2,827.38","$3,582.94"
2015,Corn,RP,Harvested,Excess Moisture/Precipitation/Rain,AUG,3,"$2,204.00","$5,756.67"
2015,Corn,RP,Unharvested,Excess Moisture/Precipitation/Rain,OCT,1,$468.50,"$10,186.00"
2015,Corn,RP,Harvested,Excess Moisture/Precipitation/Rain,MAY,3,$703.77,"$3,954.67"
2015,Corn,RP,Unharvested,Excess Moisture/Precipitation/Rain,SEP,2,"$4,404.00","$2,418.00"
2015,Corn,RP,Unharvested,Excess Moisture/Precipitation/Rain,JUL,2,"$3,541.00","$5,634.00"
2015,Corn,RP,Unharvested,Cold Wet Weather,AUG,1,"$4,378.00","$52,863.00"
2015,Corn,RP,Unharvested,Cold Wet Weather,JUL,1,"$2,213.00","$15,345.00"
2015,Corn,RP,Unharvested,Wind/Excess Wind,AUG,1,"$2,327.00","$11,617.00"
2015,Corn,RP,Harvested,Wind/Excess Wind,JUL,2,$853.50,"$9,682.00"
2015,Corn,RP,Harvested,Wind/Excess Wind,OCT,1,$46.00,$163.00
2015,Corn,RP,Replanted,Insects,JUN,1,$468.50,"$2,419.00"
2015,Corn,RP,Unharvested,Insects,AUG,2,"$1,966.50","$8,318.00"
2015,Corn,RP,Unharvested,Plant Disease,AUG,1,$32.00,"$1,577.00"
2015,Corn,RP,Harvested,Plant Disease,AUG,4,"$2,781.50","$5,514.56"
2014,Corn,RPHPE,Harvested,Decline in Price,OCT,4,"$2,002.69","$41,104.31"
2014,Corn,RPHPE,Unharvested,Decline in Price,OCT,2,$613.00,"$4,061.00"
2014,Corn,RPHPE,Harvested,Decline in Price,SEP,1,$274.50,"$13,997.00"
2014,Corn,RP,Unharvested,Decline in Price,SEP,70,"$3,203.84","$18,234.12"
2014,Corn,RPHPE,Harvested,Decline in Price,DEC,1,"$1,061.50","$4,197.50"
2014,Corn,RP,Harvested,Decline in Price,OCT,78,"$2,584.60","$14,541.83"
2014,Corn,RP,Harvested,Decline in Price,AUG,15,"$2,045.86","$14,296.29"
2014,Corn,RPHPE,Harvested,Decline in Price,NOV,14,"$1,472.16","$20,913.32"
2014,Corn,RPHPE,Harvested,Decline in Price,AUG,1,$775.00,"$13,141.00"
2014,Corn,RP,Harvested,Decline in Price,MAY,1,$564.00,"$8,120.00"
2014,Corn,RP,Harvested,Decline in Price,JUN,39,"$3,180.04","$16,905.10"
2014,Corn,RP,Harvested,Decline in Price,NOV,396,"$2,371.93","$12,685.59"
2014,Corn,RP,Harvested,Decline in Price,JAN,1,$870.00,"$12,355.00"
2014,Corn,RP,Harvested,Decline in Price,SEP,58,"$3,336.38","$17,547.47"
2014,Corn,RP,Harvested,Decline in Price,JUL,7,"$1,957.86","$13,885.86"
2014,Corn,RPHPE,Unharvested,Decline in Price,AUG,1,$749.00,"$20,109.00"
2014,Corn,RP,Unharvested,Decline in Price,JUN,5,"$4,184.50","$14,387.60"
2014,Corn,RP,Harvested,Decline in Price,DEC,35,"$2,736.73","$12,525.16"
2014,Corn,RP,Unharvested,Decline in Price,JUL,3,"$1,176.33","$8,967.33"
2014,Corn,RP,Unharvested,Decline in Price,NOV,78,"$1,952.24","$10,922.67"
2014,Corn,RP,Unharvested,Decline in Price,OCT,43,"$3,698.83","$16,065.34"
2014,Corn,RP,Unharvested,Decline in Price,AUG,20,"$3,744.10","$21,141.01"
2014,Corn,RP,Unharvested,Decline in Price,DEC,2,$880.00,"$4,953.00"
2014,Corn,RP,Harvested,Drought,JUL,3,$620.67,"$5,622.67"
2014,Corn,RP,Replanted,Drought,MAY,1,"$2,017.33","$8,057.00"
2014,Corn,RP,Harvested,Drought,MAY,1,"$1,917.50","$47,964.00"
2014,Corn,RP,Harvested,Heat,JUL,1,$974.00,"$8,616.50"
2014,Corn,RP,Unharvested,Hail,NOV,1,$287.70,"$6,698.30"
2014,Corn,RP,Harvested,Hail,JUN,51,"$1,893.58","$20,050.76"
2014,Corn,RP,Unharvested,Hail,JUN,34,"$1,878.01","$28,082.42"
2014,Corn,RP,Replanted,Hail,MAY,1,$146.00,"$3,670.00"
2014,Corn,RP,Harvested,Hail,DEC,1,$882.00,"$8,480.00"
2014,Corn,RP,Unharvested,Hail,AUG,2,$558.55,"$10,112.90"
2014,Corn,RP,Harvested,Hail,AUG,3,"$2,226.60","$16,819.47"
2014,Corn,RP,Harvested,Hail,MAY,1,$846.00,"$12,180.00"
2014,Corn,RPHPE,Replanted,Hail,JUN,3,$377.06,"$1,056.00"
2014,Corn,RP,Replanted,Hail,JUN,16,"$1,468.97","$3,087.19"
2014,Corn,RP,Unharvested,Hail,SEP,1,$482.40,"$3,886.20"
2014,Corn,RP,Uninsured Loss,Hail,JUN,0,#DIV/0!,#DIV/0!
2014,Corn,RP,Unharvested,Excess Moisture/Precipitation/Rain,OCT,5,"$1,208.90","$7,796.60"
2014,Corn,RP,Harvested,Excess Moisture/Precipitation/Rain,NOV,7,"$1,491.71","$17,967.71"
2014,Corn,RPHPE,Replanted,Excess Moisture/Precipitation/Rain,MAY,1,$395.50,"$1,902.00"
2014,Corn,RPHPE,Unharvested,Excess Moisture/Precipitation/Rain,JUN,3,"$1,109.83","$36,827.33"
2014,Corn,RP,Unharvested,Excess Moisture/Precipitation/Rain,MAY,2,"$2,549.50","$19,631.00"
2014,Corn,RP,Harvested,Excess Moisture/Precipitation/Rain,JAN,3,"$3,701.83","$18,384.33"
2014,Corn,RP,Harvested,Excess Moisture/Precipitation/Rain,AUG,1,"$2,172.50","$31,410.00"
2014,Corn,RP,Replanted,Excess Moisture/Precipitation/Rain,JUN,3,$452.56,$590.98
2014,Corn,RP,Harvested,Excess Moisture/Precipitation/Rain,MAY,7,"$1,166.65","$13,790.80"
2014,Corn,RP,Unharvested,Excess Moisture/Precipitation/Rain,AUG,2,"$5,022.75","$5,451.00"
2014,Corn,RP,Harvested,Excess Moisture/Precipitation/Rain,SEP,5,"$1,053.90","$8,883.80"
2014,Corn,RP,Harvested,Excess Moisture/Precipitation/Rain,JUL,1,"$4,700.00","$32,657.00"
2014,Corn,RP,Unharvested,Excess Moisture/Precipitation/Rain,JUL,3,"$1,889.00","$7,759.00"
2014,Corn,RP,Replanted,Excess Moisture/Precipitation/Rain,APR,1,$97.50,$702.00
2014,Corn,RPHPE,Harvested,Excess Moisture/Precipitation/Rain,JUN,4,$854.75,"$7,858.19"
2014,Corn,RP,Harvested,Excess Moisture/Precipitation/Rain,JUN,115,"$2,663.93","$16,860.57"
2014,Corn,RP,Unharvested,Excess Moisture/Precipitation/Rain,SEP,16,"$3,712.85","$15,005.86"
2014,Corn,RP,Replanted,Excess Moisture/Precipitation/Rain,MAY,14,"$1,558.90","$2,130.86"
2014,Corn,RP,Harvested,Excess Moisture/Precipitation/Rain,DEC,2,"$8,018.50","$32,883.50"
2014,Corn,RP,Unharvested,Excess Moisture/Precipitation/Rain,JUN,60,"$2,441.49","$16,278.34"
2014,Corn,RP,Harvested,Excess Moisture/Precipitation/Rain,OCT,8,"$2,019.31","$6,930.13"
2014,Corn,RP,Replanted,Frost,MAY,2,$317.13,"$3,141.50"
2014,Corn,RP,Harvested,Cold Wet Weather,JUN,3,"$4,167.67","$10,060.17"
2014,Corn,RP,Replanted,Cold Wet Weather,APR,1,$244.50,"$1,453.00"
2014,Corn,RP,Replanted,Cold Wet Weather,MAY,8,$419.32,"$1,606.25"
2014,Corn,RP,Unharvested,Cold Wet Weather,JUN,1,"$1,269.50","$3,202.00"
2014,Corn,RP,Harvested,Flood,NOV,2,$699.50,"$3,382.00"
2014,Corn,RP,Unharvested,Flood,JUN,21,"$1,602.85","$43,586.18"
2014,Corn,RP,Replanted,Flood,JUN,7,$722.64,"$1,089.71"
2014,Corn,RPHPE,Harvested,Flood,JUN,2,$428.33,"$11,901.00"
2014,Corn,RP,Harvested,Flood,JUN,19,"$1,261.85","$28,560.42"
2014,Corn,RPHPE,Unharvested,Flood,JUN,2,$428.33,"$18,829.00"
2014,Corn,RP,Unharvested,Flood,MAY,1,"$2,525.00","$35,402.00"
2014,Corn,YP,Unharvested,Flood,JUN,3,$906.67,"$40,843.00"
2014,Corn,YP,Harvested,Flood,JUN,3,$892.33,"$7,265.67"
2014,Corn,RP,Unharvested,Flood,NOV,2,$396.00,"$9,396.00"
2014,Corn,RPHPE,Replanted,Flood,JUN,1,$321.50,"$2,772.00"
2014,Corn,ARP,Final Loss Payment,ARPI Crops Only,APR,1,"$1,548.00","$12,714.00"
2014,Corn,RP,Harvested,Wind/Excess Wind,AUG,1,"$1,404.50","$5,321.00"
2014,Corn,RP,Unharvested,Wind/Excess Wind,AUG,1,"$1,404.50","$4,041.00"
2014,Corn,RP,Unharvested,Plant Disease,AUG,2,"$4,593.00","$61,240.50"
2014,Corn,RP,Unharvested,"Other (Snow, Lightning, Etc.)",AUG,1,"$22,113.00","$46,998.00"
2014,Corn,RP,Harvested,"Other (Snow, Lightning, Etc.)",SEP,1,"$1,195.00","$36,330.00"
2014,Corn,RP,Unharvested,"Other (Snow, Lightning, Etc.)",SEP,2,"$9,639.25","$83,318.50"
2013,Corn,RP,Unharvested,Decline in Price,JUL,1,$932.00,$402.00
2013,Corn,RP,Unharvested,Decline in Price,NOV,41,"$2,021.29","$3,149.73"
2013,Corn,RP,Harvested,Decline in Price,JUN,8,"$3,562.31","$19,180.75"
2013,Corn,RP,Harvested,Decline in Price,SEP,69,"$4,994.42","$14,900.68"
2013,Corn,RP,Unharvested,Decline in Price,OCT,25,"$5,789.56","$9,132.62"
2013,Corn,RP,Harvested,Decline in Price,JUL,4,"$1,804.00","$9,546.50"
2013,Corn,RP,Harvested,Decline in Price,NOV,237,"$4,064.66","$13,023.35"
2013,Corn,RPHPE,Harvested,Decline in Price,DEC,2,"$1,182.50","$2,698.00"
2013,Corn,RP,Harvested,Decline in Price,DEC,30,"$3,567.78","$8,213.07"
2013,Corn,RP,Unharvested,Decline in Price,JUN,1,"$2,036.50","$1,001.00"
2013,Corn,RP,Unharvested,Decline in Price,SEP,58,"$4,709.23","$9,688.59"
2013,Corn,RPHPE,Harvested,Decline in Price,SEP,1,"$1,054.00",$239.00
2013,Corn,RP,Harvested,Decline in Price,OCT,82,"$3,434.48","$13,611.00"
2013,Corn,RPHPE,Harvested,Decline in Price,NOV,10,"$2,765.10","$17,871.05"
2013,Corn,RP,Harvested,Decline in Price,MAY,1,"$1,129.00","$2,120.00"
2013,Corn,RP,Harvested,Decline in Price,AUG,10,"$2,833.58","$13,446.01"
2013,Corn,RP,Unharvested,Decline in Price,MAY,2,"$8,503.75","$27,354.50"
2013,Corn,RP,Unharvested,Decline in Price,AUG,6,"$6,061.68","$33,720.05"
2013,Corn,RP,Unharvested,Decline in Price,DEC,2,"$1,329.25","$1,033.50"
2013,Corn,RP,Unharvested,Drought,SEP,8,"$2,546.60","$16,719.75"
2013,Corn,RP,Harvested,Drought,SEP,4,"$3,825.96","$30,395.50"
2013,Corn,RP,Unharvested,Drought,MAY,1,"$10,724.00","$44,009.00"
2013,Corn,RP,Unharvested,Drought,AUG,11,"$2,941.81","$29,322.34"
2013,Corn,RP,Unharvested,Drought,JUL,12,"$3,332.64","$10,688.54"
2013,Corn,RPHPE,Harvested,Drought,JUL,3,"$2,071.67","$12,073.17"
2013,Corn,RPHPE,Harvested,Drought,DEC,1,"$2,187.00","$19,545.00"
2013,Corn,RP,Harvested,Drought,MAY,1,$71.75,$797.50
2013,Corn,RP,Harvested,Drought,AUG,25,"$4,643.17","$25,579.39"
2013,Corn,RP,Harvested,Drought,OCT,4,"$2,162.75","$10,587.45"
2013,Corn,RP,Harvested,Drought,JUL,38,"$5,931.93","$20,447.19"
2013,Corn,RP,Harvested,Drought,NOV,7,"$3,545.07","$16,584.43"
2013,Corn,RP,Harvested,Drought,DEC,1,"$1,807.50","$18,168.00"
2013,Corn,RP,Harvested,Heat,JUN,1,"$1,908.00","$2,518.00"
2013,Corn,RP,Harvested,Heat,AUG,2,"$1,341.50","$2,578.50"
2013,Corn,RP,Harvested,Hail,JUN,8,"$3,359.56","$9,402.53"
2013,Corn,RP,Replanted,Hail,JUN,1,"$2,135.50","$4,610.00"
2013,Corn,RP,Unharvested,Hail,JUN,3,"$1,736.00","$60,117.67"
2013,Corn,RP,Unharvested,Excess Moisture/Precipitation/Rain,JUN,1,$830.00,"$2,224.50"
2013,Corn,RP,Unharvested,Excess Moisture/Precipitation/Rain,SEP,2,"$1,605.00","$4,973.00"
2013,Corn,RP,Replanted,Excess Moisture/Precipitation/Rain,JUN,2,"$1,329.50",$793.50
2013,Corn,RP,Harvested,Excess Moisture/Precipitation/Rain,NOV,1,"$5,134.00","$70,895.00"
2013,Corn,RP,Replanted,Excess Moisture/Precipitation/Rain,MAY,48,"$2,763.30","$1,390.21"
2013,Corn,RP,Harvested,Excess Moisture/Precipitation/Rain,JUN,3,"$1,177.67","$7,753.50"
2013,Corn,RP,Harvested,Excess Moisture/Precipitation/Rain,MAY,11,"$1,906.46","$13,263.14"
2013,Corn,RP,Harvested,Excess Moisture/Precipitation/Rain,AUG,1,"$4,633.25","$19,213.50"
2013,Corn,RP,Harvested,Excess Moisture/Precipitation/Rain,SEP,2,"$3,166.50","-$1,714.50"
2013,Corn,RP,Harvested,Excess Moisture/Precipitation/Rain,OCT,1,$997.00,"$9,739.00"
2013,Corn,RP,Harvested,Excess Moisture/Precipitation/Rain,APR,2,$895.83,"$2,085.80"
2013,Corn,RP,Unharvested,Excess Moisture/Precipitation/Rain,MAY,6,"$1,012.08","$17,243.92"
2013,Corn,RP,Unharvested,Excess Moisture/Precipitation/Rain,AUG,1,"$1,579.75","$4,728.00"
2013,Corn,RP,Harvested,Cold Wet Weather,MAY,3,"$2,659.67","$4,165.00"
2013,Corn,RP,Unharvested,Flood,MAY,2,"$2,185.00","$10,030.50"
2013,Corn,RP,Harvested,Flood,MAY,1,"$1,917.00","$20,274.00"
2013,Corn,RP,Replanted,Flood,MAY,2,"$3,884.75","$1,345.00"
2013,Corn,RP,Harvested,Flood,JUN,1,"$8,141.00","$82,454.00"
2013,Corn,GRIP-HRO,Final Loss Payment,GRP/Grip Crops,APR,3,"$13,496.33","$85,315.67"
2013,Corn,RP,Harvested,Insects,OCT,1,"$2,146.00","$21,040.00"
2013,Corn,RP,Harvested,"Other (Snow, Lightning, Etc.)",JUL,2,"$15,584.50","$69,443.00"
2013,Corn,RP,Harvested,"Other (Snow, Lightning, Etc.)",OCT,2,"$1,877.50","$9,572.00"
2013,Corn,RP,Unharvested,"Other (Snow, Lightning, Etc.)",OCT,4,"$13,389.75","$23,121.50"
2013,Corn,RP,Unharvested,"Other (Snow, Lightning, Etc.)",SEP,15,"$3,056.50","$12,602.20"
2013,Corn,RP,Unharvested,"Other (Snow, Lightning, Etc.)",AUG,1,"$3,589.00","$22,663.00"
2013,Corn,RP,Unharvested,"Other (Snow, Lightning, Etc.)",JUL,1,$989.00,"$7,980.00"
2013,Corn,RP,Harvested,"Other (Snow, Lightning, Etc.)",NOV,3,"$6,236.67","$14,271.67"
2013,Corn,RP,Harvested,"Other (Snow, Lightning, Etc.)",AUG,1,$308.00,"$2,984.00"
2013,Corn,RP,Harvested,"Other (Snow, Lightning, Etc.)",SEP,6,"$4,970.08","$28,100.83"
2013,Corn,RP,Harvested,,MAY,1,$71.75,$797.50
2012,Corn,RP,Harvested,Decline in Price,NOV,3,$625.20,"$5,670.24"
2012,Corn,RP,Harvested,Decline in Price,JUL,1,$514.00,"-$1,722.00"
2012,Corn,RP,Unharvested,Decline in Price,NOV,4,$945.36,"$11,528.94"
2012,Corn,RP,Harvested,Drought,MAY,1,"$1,584.00","$29,601.00"
2012,Corn,RP,Harvested,Drought,AUG,56,"$2,863.83","$33,221.49"
2012,Corn,RP,Harvested,Drought,OCT,12,"$2,886.50","$33,461.58"
2012,Corn,RPHPE,Harvested,Drought,JUL,5,"$2,130.90","$26,103.80"
2012,Corn,YP,Unharvested,Drought,JUN,1,$444.00,"$49,665.00"
2012,Corn,RP,Harvested,Drought,APR,1,"$1,724.50","-$26,359.00"
2012,Corn,RP,Harvested,Drought,JUL,319,"$3,323.40","$40,175.82"
2012,Corn,RP,Replanted,Drought,MAY,1,$460.00,"$2,045.00"
2012,Corn,RP,Unharvested,Drought,JUN,45,"$2,899.41","$54,856.18"
2012,Corn,RP,Unharvested,Drought,SEP,1,$244.00,"$17,184.00"
2012,Corn,YP,Harvested,Drought,AUG,2,"$1,227.50","$34,105.00"
2012,Corn,RPHPE,Unharvested,Drought,AUG,1,"$6,475.00","$256,246.00"
2012,Corn,YP,Harvested,Drought,SEP,1,$519.00,$990.00
2012,Corn,RP,Unharvested,Drought,FEB,1,"$5,435.00","$89,355.00"
2012,Corn,RP,Unharvested,Drought,AUG,45,"$3,195.85","$63,139.95"
2012,Corn,RPHPE,Unharvested,Drought,JUL,8,"$2,828.19","$39,819.88"
2012,Corn,YP,Unharvested,Drought,JUL,8,"$1,152.13","$26,473.63"
2012,Corn,RP,Harvested,Drought,NOV,4,"$2,963.75","$8,679.50"
2012,Corn,RPHPE,Harvested,Drought,SEP,2,"$5,906.00","$107,455.00"
2012,Corn,YP,Harvested,Drought,JUL,16,$874.06,"$20,336.75"
2012,Corn,RP,Harvested,Drought,JUN,73,"$3,601.69","$40,424.66"
2012,Corn,RP,Harvested,Drought,SEP,11,"$1,973.45","$21,609.73"
2012,Corn,RP,Unharvested,Drought,APR,1,"$1,724.50","$58,821.00"
2012,Corn,RP,Unharvested,Drought,JUL,172,"$3,314.09","$69,714.31"
2012,Corn,RP,Harvested,Heat,JUN,1,$863.00,"-$1,367.00"
2012,Corn,RP,Harvested,Heat,AUG,4,"$1,397.25","$4,621.75"
2012,Corn,RPHPE,Harvested,Heat,JUL,1,$604.00,"-$10,780.00"
2012,Corn,RP,Harvested,Heat,JUL,15,"$1,412.02","$16,543.77"
2012,Corn,RPHPE,Unharvested,Heat,JUL,1,$975.00,"$61,248.00"
2012,Corn,RP,Unharvested,Heat,JUL,7,"$2,350.89","$64,308.43"
2012,Corn,RP,Unharvested,Failure of Irrigation Supply,JUN,1,"$1,018.00","$56,749.00"
2012,Corn,RP,Harvested,Hail,JUN,1,"$4,548.00","$7,338.00"
2012,Corn,RP,Harvested,Hail,SEP,1,$640.00,$847.00
2012,Corn,RP,Harvested,Hail,JUL,1,"$6,282.00","$19,062.00"
2012,Corn,RP,Replanted,Excess Moisture/Precipitation/Rain,MAY,13,"$1,563.27","$2,324.50"
2012,Corn,RP,Prevented Planting - Insured Crop Planted (Unplanted Acreage with 10% buy up option - 1998),Excess Moisture/Precipitation/Rain,MAY,1,$742.00,"$7,406.00"
2012,Corn,RP,Unharvested,Excess Moisture/Precipitation/Rain,JUL,1,"$1,061.00","$29,262.00"
2012,Corn,RP,Replanted,Cold Wet Weather,MAY,1,"$1,403.00","$4,135.00"
2012,Corn,RP,Replanted,Flood,MAY,1,$701.50,$309.00
2012,Corn,RP,Unharvested,Flood,JUN,1,$701.50,"$15,479.00"
2012,Corn,GRIP-HRO,Final Loss Payment,GRP/Grip Crops,APR,1,"$2,259.00","$18,044.00"
2012,Corn,RP,Replanted,Wind/Excess Wind,MAY,2,$896.25,"$1,465.25"
2012,Corn,RP,Harvested,Mycotoxin,AUG,1,"$2,485.00","$6,688.00"
2012,Corn,RP,Unharvested,"Other (Snow, Lightning, Etc.)",AUG,1,"$4,700.00","$3,072.00"
2012,Corn,RPHPE,Harvested,"Other (Snow, Lightning, Etc.)",AUG,1,"$14,233.00","$134,759.00"
2012,Corn,RP,Harvested,"Other (Snow, Lightning, Etc.)",AUG,1,"$3,491.00","$28,268.00"
2011,Corn,RP,Harvested,Drought,AUG,18,"$1,798.21","$5,518.30"
2011,Corn,RP,Harvested,Drought,OCT,3,"$9,547.00","$41,943.67"
2011,Corn,RPHPE,Harvested,Drought,JUL,2,"$4,213.00","$13,818.00"
2011,Corn,YP,Harvested,Drought,SEP,2,$32.00,$318.00
2011,Corn,RP,Unharvested,Drought,AUG,3,"$3,320.33","$31,258.00"
2011,Corn,RP,Harvested,Drought,SEP,1,"$5,532.00","$14,349.00"
2011,Corn,RP,Harvested,Drought,JUL,2,"$2,192.00","$7,038.00"
2011,Corn,RP,Unharvested,Drought,JUL,3,"$2,208.33","$18,156.33"
2011,Corn,RPHPE,Harvested,Heat,AUG,1,"$1,344.00","$7,694.00"
2011,Corn,RP,Harvested,Heat,JUL,6,"$1,265.33","$9,454.33"
2011,Corn,RP,Harvested,Heat,AUG,4,"$1,064.00","$10,349.38"
2011,Corn,RP,Harvested,Excess Moisture/Precipitation/Rain,JUL,4,"$3,230.75","$26,428.75"
2011,Corn,RP,Reduced Prevented Planting,Excess Moisture/Precipitation/Rain,JUN,3,"$1,093.33","$8,026.67"
2011,Corn,RPHPE,Reduced Prevented Planting,Excess Moisture/Precipitation/Rain,MAY,2,$830.00,"$3,401.00"
2011,Corn,RP,Harvested,Excess Moisture/Precipitation/Rain,JUN,4,"$4,059.50","$29,619.75"
2011,Corn,RP,Reduced Prevented Planting,Excess Moisture/Precipitation/Rain,MAY,2,"$3,077.50","$30,756.50"
2011,Corn,RP,Prevented Planting - Insured Crop Planted (Unplanted Acreage with 10% buy up option - 1998),Excess Moisture/Precipitation/Rain,MAY,1,"$1,032.00","$12,920.00"
2011,Corn,RPHPE,Replanted,Excess Moisture/Precipitation/Rain,JUN,1,$901.00,"$1,376.00"
2011,Corn,RP,Prevented Planting - Insured Crop Planted (Unplanted Acreage with 10% buy up option - 1998),Excess Moisture/Precipitation/Rain,APR,1,"$8,567.00","$50,762.00"
2011,Corn,RP,Reduced Prevented Planting,Excess Moisture/Precipitation/Rain,APR,1,"$6,945.00","$41,721.00"
2011,Corn,RP,Reduced Prevented Planting,Cold Wet Weather,APR,1,"$1,066.00","$56,725.00"
2011,Corn,RP,Harvested,Flood,OCT,2,$795.00,"$9,190.00"
2011,Corn,RP,Replanted,Flood,JUN,1,"$1,561.00",$577.00
2011,Corn,RP,Reduced Prevented Planting,Flood,MAY,1,"$6,325.00","$47,510.00"
2011,Corn,RP,Harvested,Flood,JUN,2,"$1,448.50","$7,338.50"
2011,Corn,YP,Harvested,Flood,JUL,1,$892.00,"$2,375.00"
2011,Corn,RP,Harvested,Flood,JUL,2,"$2,310.00","$9,905.50"
2011,Corn,RPHPE,Harvested,Flood,JUN,1,"$1,344.00","$7,694.00"
2011,Corn,RP,Harvested,Wind/Excess Wind,JUL,3,"$3,404.38","$27,765.35"
2011,Corn,YP,Harvested,Wind/Excess Wind,JUL,2,"$1,539.00","$1,062.50"
2011,Corn,YP,Harvested,Wind/Excess Wind,AUG,2,"$1,539.00","$1,062.50"
2011,Corn,RP,Harvested,Wind/Excess Wind,AUG,3,"$3,894.00","$3,716.67"
2011,Corn,RP,Harvested,Plant Disease,SEP,1,"$1,750.00","$4,571.00"
2011,Corn,RP,Unharvested,"Other (Snow, Lightning, Etc.)",SEP,1,"$6,478.00","$31,968.00"
2011,Corn,RP,Unharvested,"Other (Snow, Lightning, Etc.)",AUG,5,"$1,012.80","$10,285.00"
2010,Corn,NULL,Harvested,Drought,SEP,1,$452.00,"$2,457.00"
2010,Corn,NULL,Harvested,Hail,SEP,1,"$1,689.50","$11,459.00"
2010,Corn,NULL,Unharvested,Excess Moisture/Precipitation/Rain,SEP,1,"$1,554.50","$32,706.00"
2010,Corn,NULL,Harvested,Excess Moisture/Precipitation/Rain,JUN,1,"$3,961.00","$9,750.00"
2010,Corn,NULL,Harvested,Excess Moisture/Precipitation/Rain,MAY,1,"$1,809.00","$13,594.00"
2010,Corn,NULL,Replanted,Excess Moisture/Precipitation/Rain,MAY,1,"$1,807.00","$4,197.00"
2010,Corn,NULL,Harvested,Excess Moisture/Precipitation/Rain,JUL,2,"$4,235.50","$25,783.50"
2010,Corn,NULL,Unharvested,Excess Moisture/Precipitation/Rain,JUL,1,$655.00,"$12,116.00"
2010,Corn,NULL,Replanted,Excess Moisture/Precipitation/Rain,MAY,1,$913.00,"$2,500.00"
2010,Corn,NULL,Harvested,Excess Moisture/Precipitation/Rain,SEP,1,"$1,554.50","-$27,286.00"
2010,Corn,NULL,Harvested,Excess Moisture/Precipitation/Rain,AUG,1,$886.00,"$13,831.00"
2010,Corn,NULL,Harvested,Excess Moisture/Precipitation/Rain,NOV,1,"$2,836.00","$18,199.00"
2010,Corn,NULL,Replanted,Excess Moisture/Precipitation/Rain,MAY,1,$535.00,$986.00
2010,Corn,NULL,Replanted,Excess Moisture/Precipitation/Rain,APR,3,$890.67,"$1,495.00"
2010,Corn,NULL,Replanted,Cold Wet Weather,MAY,2,"$1,227.50","$1,388.50"
2010,Corn,NULL,Harvested,Flood,JUN,1,"$1,689.50","$11,459.00"
2010,Corn,NULL,Harvested,Flood,JUL,3,"$2,692.67","$14,661.67"
2010,Corn,NULL,Unharvested,Flood,SEP,1,"$2,988.50","$60,360.00"
2010,Corn,NULL,Harvested,Flood,SEP,1,"$1,018.50",-$71.00
2010,Corn,NULL,Harvested,Flood,OCT,1,$464.00,"$5,469.00"
2010,Corn,NULL,Harvested,Wind/Excess Wind,NOV,1,$212.00,$752.00
2010,Corn,NULL,Unharvested,Mycotoxin (Aflatoxin),AUG,1,$84.00,"$4,625.00"
2010,Corn,NULL,Harvested,Mycotoxin (Aflatoxin),SEP,1,$452.00,"$2,457.00"
2010,Corn,NULL,Replanted,"Other (Snow,Lightning,etc)",MAY,1,$759.00,"$2,745.00"
2009,Corn,NULL,Harvested,Decline in Price,OCT,1,$407.74,"$2,549.68"
2009,Corn,NULL,Harvested,Drought,DEC,1,"$1,652.00","$4,665.00"
2009,Corn,NULL,Harvested,Drought,JUN,1,"$1,903.20","$12,495.90"
2009,Corn,NULL,Harvested,Hail,JUL,8,"$1,874.50","$21,794.88"
2009,Corn,NULL,Harvested,Hail,JUL,3,"$3,061.67","$29,139.33"
2009,Corn,NULL,Harvested,Hail,AUG,1,"$2,325.00","$12,145.00"
2009,Corn,NULL,Harvested,Hail,JUN,2,"$6,362.90","$34,549.05"
2009,Corn,NULL,Harvested,Hail,JUN,1,"$2,533.00","$32,657.00"
2009,Corn,NULL,Unharvested,Hail,JUL,1,"$1,696.00","$54,536.00"
2009,Corn,NULL,Unharvested,Hail,JUN,4,"$1,023.00","$32,634.50"
2009,Corn,NULL,Unharvested,Hail,APR,1,"$17,903.00","$98,658.00"
2009,Corn,NULL,Unharvested,Hail,JUL,5,$249.00,"$7,134.00"
2009,Corn,NULL,Harvested,Excess Moisture/Precipitation/Rain,JAN,1,$295.26,"$1,846.32"
2009,Corn,NULL,Unharvested,Excess Moisture/Precipitation/Rain,OCT,1,"$12,909.00","$37,052.00"
2009,Corn,NULL,Unharvested,Excess Moisture/Precipitation/Rain,MAR,1,"$1,168.00","$4,316.00"
2008,Corn,NULL,Harvested,Decline in Price,JAN,1,"$1,911.00","$9,392.00"
2008,Corn,NULL,Unharvested,Decline in Price,SEP,3,"$4,601.00","$3,413.67"
2008,Corn,NULL,Harvested,Decline in Price,JUN,2,"$4,149.50","-$4,301.50"
2008,Corn,NULL,Harvested,Decline in Price,SEP,1,"$1,164.00",$135.00
2008,Corn,NULL,Harvested,Decline in Price,OCT,2,$730.50,"-$1,646.00"
2008,Corn,NULL,Unharvested,Decline in Price,OCT,3,"$4,932.83","$2,777.33"
2008,Corn,NULL,Harvested,Decline in Price,DEC,46,"$5,374.02","$10,026.65"
2008,Corn,NULL,Unharvested,Decline in Price,NOV,3,"$3,858.67",$260.33
2008,Corn,NULL,Harvested,Decline in Price,AUG,3,"$1,876.00","$4,666.67"
2008,Corn,NULL,Harvested,Decline in Price,JUL,1,"$1,770.50","$4,386.50"
2008,Corn,NULL,Harvested,Decline in Price,NOV,33,"$5,012.42","$6,235.98"
2008,Corn,NULL,Unharvested,Decline in Price,DEC,5,"$1,274.40",$836.20
2008,Corn,NULL,Harvested,Decline in Price,JAN,3,"$6,038.67","$15,842.33"
2008,Corn,NULL,Harvested,Decline in Price,OCT,16,"$3,586.81","$7,155.69"
2008,Corn,NULL,Harvested,Decline in Price,NOV,5,"$2,763.20","$4,753.80"
2008,Corn,NULL,Unharvested,Drought,AUG,1,"$3,950.00","$6,167.00"
2008,Corn,NULL,Harvested,Drought,JUL,3,"$2,312.83","$11,897.17"
2008,Corn,NULL,Harvested,Drought,AUG,5,"$2,210.50","$6,444.00"
2008,Corn,NULL,Harvested,Heat,NOV,1,$371.00,"$1,791.00"
2008,Corn,NULL,Harvested,Hail,JUL,1,"$2,448.80","$8,173.60"
2008,Corn,NULL,Replanted,Excess Moisture/Precipitation/Rain,APR,1,$380.00,$670.00
2008,Corn,NULL,Harvested,Excess Moisture/Precipitation/Rain,OCT,1,$276.00,"$2,138.00"
2008,Corn,NULL,Replanted,Excess Moisture/Precipitation/Rain,MAY,6,"$1,778.83","$2,763.00"
2008,Corn,NULL,Harvested,Excess Moisture/Precipitation/Rain,NOV,1,$175.00,$917.00
2008,Corn,NULL,Replanted,Excess Moisture/Precipitation/Rain,JUN,1,"$1,373.00","$1,042.00"
2008,Corn,NULL,Harvested,Excess Moisture/Precipitation/Rain,DEC,1,"$3,127.00","$4,669.00"
2008,Corn,NULL,Replanted,Excess Moisture/Precipitation/Rain,MAY,2,$472.00,"$1,762.50"
2008,Corn,NULL,Harvested,Excess Moisture/Precipitation/Rain,JUN,1,$123.00,"$3,697.00"
2008,Corn,NULL,Harvested,Excess Moisture/Precipitation/Rain,JUN,3,"$4,773.33","$16,678.67"
2008,Corn,NULL,Harvested,Frost,DEC,1,"$2,586.00","$9,618.00"
2008,Corn,NULL,Replanted,Cold Wet Weather,MAY,5,"$1,284.00","$1,506.40"
2008,Corn,NULL,Harvested,Flood,JUN,1,"$3,265.00","$40,554.00"
2008,Corn,NULL,Unharvested,Flood,JUN,2,"$1,244.50","$19,198.00"
2008,Corn,NULL,Final Loss Payment,GRP/GRIP Crops Only`,APR,13,"$10,791.69","$15,566.85"
2008,Corn,NULL,Harvested,Wind/Excess Wind,OCT,2,"$1,213.00","$5,476.00"
2008,Corn,NULL,Harvested,Wind/Excess Wind,SEP,1,$470.00,"$3,640.00"
2008,Corn,NULL,Harvested,Wind/Excess Wind,JUN,1,$326.00,"$1,113.00"
2008,Corn,NULL,Harvested,"Other (Snow,Lightning,etc)",OCT,2,$287.00,"$3,540.00"
2007,Corn,NULL,Unharvested,Decline in Price,JUL,1,"$1,472.00","$3,164.00"
2007,Corn,NULL,Unharvested,Decline in Price,AUG,4,"$1,237.75","$1,011.75"
2007,Corn,NULL,Harvested,Decline in Price,OCT,4,"$1,204.75","$1,349.50"
2007,Corn,NULL,Unharvested,Decline in Price,SEP,1,$489.00,$194.00
2007,Corn,NULL,Harvested,Decline in Price,JUN,1,"$4,808.00","$2,830.00"
2007,Corn,NULL,Harvested,Decline in Price,SEP,1,$227.00,$972.00
2007,Corn,NULL,Harvested,Decline in Price,OCT,7,"$2,078.14","$6,723.86"
2007,Corn,NULL,Harvested,Decline in Price,JUL,3,"$1,625.67","$4,194.00"
2007,Corn,NULL,Harvested,Decline in Price,DEC,3,$463.82,$377.52
2007,Corn,NULL,Harvested,Decline in Price,JUL,2,$598.78,$511.36
2007,Corn,NULL,Harvested,Decline in Price,NOV,5,"$2,021.18","$1,862.30"
2007,Corn,NULL,Unharvested,Decline in Price,SEP,1,$600.00,"$1,152.00"
2007,Corn,NULL,Harvested,Decline in Price,AUG,2,$869.00,"$1,384.00"
2007,Corn,NULL,Unharvested,Decline in Price,OCT,1,"$1,999.00","$2,220.00"
2007,Corn,NULL,Harvested,Decline in Price,AUG,1,"$1,141.00",$224.00
2007,Corn,NULL,Harvested,Decline in Price,NOV,7,"$5,253.05","$6,752.04"
2007,Corn,NULL,Harvested,Decline in Price,SEP,1,"$4,114.00","$11,102.00"
2007,Corn,NULL,Unharvested,Decline in Price,JUL,3,"$4,685.52","$4,310.28"
2007,Corn,NULL,Unharvested,Decline in Price,AUG,1,"$1,634.00","$1,688.00"
2007,Corn,NULL,Unharvested,Decline in Price,DEC,1,"$1,537.00",$814.00
2007,Corn,NULL,Unharvested,Drought,JUN,3,$949.00,"$5,160.67"
2007,Corn,NULL,Unharvested,Drought,SEP,3,$480.33,"$2,812.33"
2007,Corn,NULL,Unharvested,Drought,AUG,3,$586.81,"$10,673.05"
2007,Corn,NULL,Harvested,Drought,JUL,32,"$2,201.22","$12,615.43"
2007,Corn,NULL,Harvested,Drought,OCT,1,"$1,307.00","$17,946.00"
2007,Corn,NULL,Harvested,Drought,OCT,5,$830.00,"$6,360.40"
2007,Corn,NULL,Harvested,Drought,AUG,2,$38.22,$32.64
2007,Corn,NULL,Harvested,Drought,NOV,1,$44.65,$127.70
2007,Corn,NULL,Harvested,Drought,JUN,15,"$2,865.47","$20,753.03"
2007,Corn,NULL,Harvested,Drought,SEP,2,$529.00,"$3,339.50"
2007,Corn,NULL,Harvested,Drought,JUN,1,"$1,007.00","$2,470.00"
2007,Corn,NULL,Harvested,Drought,JUL,11,"$1,346.18","$21,472.18"
2007,Corn,NULL,Unharvested,Drought,JUL,5,$647.80,"$5,819.60"
2007,Corn,NULL,Harvested,Drought,AUG,1,$235.00,"$7,433.00"
2007,Corn,NULL,Unharvested,Drought,JUN,1,$416.00,"$5,254.00"
2007,Corn,NULL,Unharvested,Drought,AUG,12,"$3,509.75","$20,999.92"
2007,Corn,NULL,Harvested,Drought,JUL,89,"$1,787.35","$11,571.12"
2007,Corn,NULL,Harvested,Drought,JUN,3,"$3,392.00","$19,912.00"
2007,Corn,NULL,Harvested,Drought,SEP,1,"$2,084.00","$8,631.00"
2007,Corn,NULL,Unharvested,Drought,JUL,11,"$3,521.07","$20,183.23"
2007,Corn,NULL,Harvested,Drought,AUG,5,"$3,825.20","$25,423.20"
2007,Corn,NULL,Unharvested,Drought,JUL,52,"$1,635.28","$17,857.08"
2007,Corn,NULL,Harvested,Heat,JUL,1,$754.05,"$21,761.85"
2007,Corn,NULL,Unharvested,Heat,JUL,1,"$1,831.00","$38,321.00"
2007,Corn,NULL,Harvested,Heat,JUL,2,"$1,802.00","$5,355.50"
2007,Corn,NULL,Unharvested,Heat,JUL,1,"$2,845.00",$172.00
2007,Corn,NULL,Harvested,Heat,JUN,1,$554.00,"$10,400.80"
2007,Corn,NULL,Harvested,Hail,SEP,2,$62.50,$882.50
2007,Corn,NULL,Harvested,Hail,SEP,2,$186.00,"$2,523.50"
2007,Corn,NULL,Unharvested,Excess Moisture/Precipitation/Rain,JUL,2,$106.00,"$2,934.50"
2007,Corn,NULL,Harvested,Excess Moisture/Precipitation/Rain,MAY,1,$531.00,$400.00
2007,Corn,NULL,Replanted,Excess Moisture/Precipitation/Rain,MAY,1,"$1,011.00","$1,680.00"
2007,Corn,NULL,Replanted,Excess Moisture/Precipitation/Rain,MAY,3,"$1,534.00","$2,443.00"
2007,Corn,NULL,Harvested,Excess Moisture/Precipitation/Rain,MAY,1,$500.00,$932.00
2007,Corn,NULL,Final Loss Payment,GRP/GRIP Crops Only`,APR,19,"$5,993.68","$26,560.89"
2007,Corn,NULL,Unharvested,Wind/Excess Wind,JUL,1,"$3,082.00","$47,149.00"
2007,Corn,NULL,Harvested,Wind/Excess Wind,AUG,1,"$2,644.00","$18,366.00"
2007,Corn,NULL,Unharvested,Wind/Excess Wind,AUG,2,$190.40,"$1,962.40"
2007,Corn,NULL,Harvested,Cyclone,DEC,1,"$4,435.00","$1,049.00"
2007,Corn,NULL,Harvested,Plant Disease,AUG,1,"$5,206.00","$29,304.00"
2007,Corn,NULL,Harvested,Mycotoxin (Aflatoxin),SEP,2,$234.20,"$4,917.58"
2007,Corn,NULL,Unharvested,Mycotoxin (Aflatoxin),SEP,1,$220.00,"-$1,646.75"
2007,Corn,NULL,Unharvested,Mycotoxin (Aflatoxin),JUL,1,"$3,867.20","$34,580.80"
2007,Corn,NULL,Harvested,Mycotoxin (Aflatoxin),OCT,5,"$1,400.00","$19,034.05"
2007,Corn,NULL,Harvested,Mycotoxin (Aflatoxin),AUG,5,$737.43,"$11,883.71"
2007,Corn,NULL,Harvested,Mycotoxin (Aflatoxin),NOV,2,"$1,324.20","$14,391.80"
2007,Corn,NULL,Harvested,Mycotoxin (Aflatoxin),SEP,4,"$2,496.75","$23,275.85"
2007,Corn,NULL,Unharvested,Mycotoxin (Aflatoxin),AUG,1,$509.75,"$2,909.25"
2007,Corn,NULL,Harvested,Mycotoxin (Aflatoxin),JUL,3,"$1,168.00","$12,936.33"
2007,Corn,NULL,Unharvested,Mycotoxin (Aflatoxin),SEP,1,$321.20,$354.27
2006,Corn,NULL,Unharvested,Decline in Price,JUL,1,$102.00,$217.00
2006,Corn,NULL,Unharvested,Drought,AUG,8,"$1,225.25","$19,245.75"
2006,Corn,NULL,Replanted,Drought,MAY,1,$151.50,$660.00
2006,Corn,NULL,Unharvested,Drought,JUL,10,"$1,347.10","$7,567.21"
2006,Corn,NULL,Unharvested,Drought,JUL,31,$802.96,"$14,680.37"
2006,Corn,NULL,Harvested,Drought,OCT,1,"$2,399.50","$9,483.00"
2006,Corn,NULL,Unharvested,Drought,JUN,2,"$1,272.10","$24,241.10"
2006,Corn,NULL,Harvested,Drought,AUG,1,$73.00,"$1,330.00"
2006,Corn,NULL,Unharvested,Drought,OCT,1,"$2,399.50","$7,102.00"
2006,Corn,NULL,Harvested,Drought,JUL,7,$181.50,"$3,310.14"
2006,Corn,NULL,Unharvested,Drought,SEP,2,$950.50,"$2,892.00"
2006,Corn,NULL,Harvested,Drought,AUG,13,$339.69,"$3,889.77"
2006,Corn,NULL,Harvested,Drought,NOV,1,$742.00,"$14,402.00"
2006,Corn,NULL,Harvested,Drought,DEC,1,$872.00,"$4,826.50"
2006,Corn,NULL,Harvested,Drought,JUL,10,"$2,512.65","$15,013.18"
2006,Corn,NULL,Harvested,Drought,JUN,6,"$1,417.17","$22,928.75"
2006,Corn,NULL,Harvested,Drought,AUG,5,"$1,721.20","$13,089.80"
2006,Corn,NULL,Unharvested,Drought,JUL,9,$330.44,"$4,929.89"
2006,Corn,NULL,Harvested,Drought,OCT,1,"$1,700.00","$12,838.00"
2006,Corn,NULL,Unharvested,Drought,AUG,2,$448.00,"$6,385.50"
2006,Corn,NULL,Harvested,Drought,NOV,3,"$2,157.67","$8,303.67"
2006,Corn,NULL,Replanted,Drought,MAY,2,"$1,034.00","$1,305.00"
2006,Corn,NULL,Harvested,Drought,JUL,46,$972.82,"$9,745.54"
2006,Corn,NULL,Harvested,Drought,JUN,3,$357.05,"$4,074.45"
2006,Corn,NULL,Unharvested,Drought,JUN,1,"$1,160.00","$6,854.00"
2006,Corn,NULL,Unharvested,Drought,SEP,1,$31.00,$606.00
2006,Corn,NULL,Unharvested,Drought,AUG,3,"$2,838.00","$32,803.67"
2006,Corn,NULL,Harvested,Drought,SEP,1,$31.00,-$226.00
2006,Corn,NULL,Unharvested,Drought,JUN,5,$155.80,"$4,415.00"
2006,Corn,NULL,Unharvested,Heat,AUG,2,$402.00,"$5,298.82"
2006,Corn,NULL,Unharvested,Heat,JUN,1,$875.00,"$12,816.00"
2006,Corn,NULL,Unharvested,Heat,JUL,3,$136.06,"$4,750.22"
2006,Corn,NULL,Unharvested,Heat,JUL,1,$257.04,"$3,253.29"
2006,Corn,NULL,Unharvested,Heat,AUG,1,$733.00,"$29,956.00"
2006,Corn,NULL,Harvested,Heat,JUL,1,$385.14,$682.08
2006,Corn,NULL,Harvested,Heat,JUL,3,$302.28,"$7,941.22"
2006,Corn,NULL,Unharvested,Failure Of Irrigation Supply,JUL,1,$916.00,"$45,595.00"
2006,Corn,NULL,Harvested,Hail,JUN,1,$589.20,"$3,784.20"
2006,Corn,NULL,Replanted,Excess Moisture/Precipitation/Rain,MAY,1,$379.00,$518.00
2006,Corn,NULL,Replanted,Excess Moisture/Precipitation/Rain,MAY,2,$138.00,$888.00
2006,Corn,NULL,Replanted,Excess Moisture/Precipitation/Rain,APR,2,$930.00,"$1,669.00"
2006,Corn,NULL,Replanted,Excess Moisture/Precipitation/Rain,MAY,13,$666.46,"$1,093.08"
2006,Corn,NULL,Unharvested,Excess Moisture/Precipitation/Rain,JUL,1,$191.00,"$4,038.00"
2006,Corn,NULL,Replanted,Cold Wet Weather,APR,3,$347.33,"$1,243.33"
2006,Corn,NULL,Replanted,Cold Wet Weather,MAY,5,$901.00,"$1,210.80"
2006,Corn,NULL,Replanted,Cold Wet Weather,MAY,2,"$1,412.50","$1,435.00"
2006,Corn,NULL,Replanted,Cold Wet Weather,MAY,3,$140.67,$693.67
2006,Corn,NULL,Unharvested,Wind/Excess Wind,AUG,1,$242.80,"$6,462.80"
2006,Corn,NULL,Harvested,Wind/Excess Wind,AUG,2,$199.25,$494.63
2005,Corn,NULL,Harvested,Decline in Price,DEC,8,$282.15,$710.26
2005,Corn,NULL,Harvested,Decline in Price,DEC,1,"$3,597.00","$4,916.00"
2005,Corn,NULL,Harvested,Decline in Price,OCT,1,$698.00,"$2,583.00"
2005,Corn,NULL,Unharvested,Decline in Price,DEC,1,$8.88,$296.92
2005,Corn,NULL,Harvested,Decline in Price,JUL,1,"$1,311.00","$3,792.00"
2005,Corn,NULL,Harvested,Decline in Price,NOV,1,$939.00,$485.00
2005,Corn,NULL,Harvested,Drought,OCT,1,$880.00,"$7,782.00"
2005,Corn,NULL,Unharvested,Drought,OCT,1,$880.00,$917.00
2005,Corn,NULL,Harvested,Drought,JUL,2,$619.00,"$2,090.00"
2005,Corn,NULL,Harvested,Drought,JUL,1,$823.00,"$8,705.00"
2005,Corn,NULL,Harvested,Drought,AUG,1,$929.00,"$5,140.00"
2005,Corn,NULL,Harvested,Drought,DEC,2,$577.00,"$1,872.00"
2005,Corn,NULL,Harvested,Heat,JUL,1,$513.00,"$1,078.00"
2005,Corn,NULL,Harvested,Heat,JUL,1,$628.00,"$10,228.00"
2005,Corn,NULL,Unharvested,Hail,MAY,3,$909.50,"$11,153.00"
2005,Corn,NULL,Replanted,Hail,MAY,1,$203.00,$599.00
2005,Corn,NULL,Harvested,Hail,MAY,1,$178.00,"-$2,467.00"
2005,Corn,NULL,Replanted,Hail,JUN,1,$417.00,$528.00
2005,Corn,NULL,Harvested,Hail,JUN,3,$560.59,"$3,616.30"
2005,Corn,NULL,Harvested,Hail,SEP,1,"$2,032.00","$1,708.00"
2005,Corn,NULL,Harvested,Hail,MAY,2,$225.25,-$180.50
2005,Corn,NULL,Replanted,Hail,JUN,1,$621.00,$928.00
2005,Corn,NULL,Unharvested,Hail,JUN,4,$400.03,"$11,618.02"
2005,Corn,NULL,Unharvested,Hail,MAY,1,$178.00,"$3,999.00"
2005,Corn,NULL,Replanted,Excess Moisture/Precipitation/Rain,MAY,4,$288.25,$557.00
2005,Corn,NULL,Replanted,Excess Moisture/Precipitation/Rain,MAY,2,$49.00,$123.50
2005,Corn,NULL,Replanted,Excess Moisture/Precipitation/Rain,APR,1,$294.00,$835.00
2005,Corn,NULL,Final Loss Payment,GRP/GRIP Crops Only`,APR,4,"$2,905.25","$2,399.25"
2005,Corn,NULL,Harvested,Wind/Excess Wind,JUL,3,$267.67,"$2,229.67"
2005,Corn,NULL,Harvested,Wind/Excess Wind,SEP,1,$842.00,"$6,556.00"
2004,Corn,NULL,Harvested,Decline in Price,MAY,1,$246.00,"$1,239.00"
2004,Corn,NULL,Harvested,Decline in Price,AUG,1,"$1,311.00","$3,105.00"
2004,Corn,NULL,Unharvested,Decline in Price,OCT,1,$832.00,$489.00
2004,Corn,NULL,Harvested,Decline in Price,DEC,1,"$1,446.00","$1,379.00"
2004,Corn,NULL,Unharvested,Decline in Price,NOV,1,$616.50,$133.00
2004,Corn,NULL,Harvested,Decline in Price,NOV,7,"$1,241.79","$2,010.57"
2004,Corn,NULL,Harvested,Decline in Price,DEC,9,"$2,254.11","$3,335.67"
2004,Corn,NULL,Unharvested,Decline in Price,AUG,1,"$4,361.00","$4,299.00"
2004,Corn,NULL,Harvested,Decline in Price,OCT,1,"$1,839.00","$1,577.00"
2004,Corn,NULL,Unharvested,Decline in Price,SEP,1,$483.00,$295.00
2004,Corn,NULL,Harvested,Decline in Price,NOV,7,$773.29,"$1,018.43"
2004,Corn,NULL,Harvested,Drought,JUL,1,"$1,665.00","$6,751.00"
2004,Corn,NULL,Harvested,Drought,OCT,1,$501.00,"$2,779.00"
2004,Corn,NULL,Replanted,Drought,MAY,1,$238.00,$774.00
2004,Corn,NULL,Harvested,Hail,AUG,1,"$12,889.00","$39,444.00"
2004,Corn,NULL,Replanted,Excess Moisture/Precipitation/Rain,MAY,4,$427.05,$833.70
2004,Corn,NULL,Replanted,Excess Moisture/Precipitation/Rain,MAY,3,$518.00,"$1,226.67"
2004,Corn,NULL,Replanted,Excess Moisture/Precipitation/Rain,APR,1,"$5,803.00","$1,245.00"
2004,Corn,NULL,Harvested,Excess Moisture/Precipitation/Rain,JUN,3,"$1,383.00","$5,706.67"
2004,Corn,NULL,Replanted,Freeze,MAY,1,$342.80,$955.20
2004,Corn,NULL,Final Loss Payment,GRP/GRIP Crops Only`,MAR,2,"$7,032.50","$31,326.50"
2004,Corn,NULL,Harvested,Wind/Excess Wind,JUL,1,$600.00,"$1,170.00"
2004,Corn,NULL,Replanted,Insects,MAY,1,$781.00,"$3,356.00"
2004,Corn,NULL,Harvested,"Other (Snow,Lightning,etc)",DEC,1,"$2,031.00","$5,151.00"
2004,Corn,NULL,Unharvested,"Other (Snow,Lightning,etc)",SEP,1,$621.00,"$5,305.00"
2003,Corn,NULL,Harvested,Decline in Price,SEP,1,$12.50,$151.56
2003,Corn,NULL,Unharvested,Decline in Price,SEP,1,$18.75,$382.56
2003,Corn,NULL,Harvested,Drought,AUG,9,$650.81,"$3,015.88"
2003,Corn,NULL,Harvested,Drought,AUG,1,$210.00,$249.00
2003,Corn,NULL,Harvested,Drought,AUG,1,$498.00,$402.00
2003,Corn,NULL,Harvested,Drought,JUL,7,"$1,375.21","$4,561.21"
2003,Corn,NULL,Unharvested,Drought,JUL,1,"$1,483.00","$4,996.00"
2003,Corn,NULL,Harvested,Drought,NOV,1,$713.00,"$1,096.00"
2003,Corn,NULL,Unharvested,Drought,AUG,4,"$1,113.19","$7,193.61"
2003,Corn,NULL,Harvested,Heat,AUG,2,$629.63,$802.00
2003,Corn,NULL,Harvested,Failure Of Irrigation Supply,AUG,1,$630.00,"$14,537.00"
2003,Corn,NULL,Replanted,Insects,MAY,1,$508.00,$779.00
2002,Corn,NULL,Harvested,Drought,JUN,3,"$2,517.67","$16,676.08"
2002,Corn,NULL,Harvested,Drought,JUN,2,$104.00,$513.50
2002,Corn,NULL,Harvested,Drought,SEP,1,$380.00,"$1,182.00"
2002,Corn,NULL,Harvested,Drought,AUG,3,$827.17,"$2,710.67"
2002,Corn,NULL,Unharvested,Drought,JUN,1,$67.00,$367.00
2002,Corn,NULL,Unharvested,Drought,AUG,2,$966.75,"$13,400.00"
2002,Corn,NULL,Unharvested,Drought,JUL,2,$395.75,"$2,754.00"
2002,Corn,NULL,Unharvested,Drought,DEC,1,$454.00,"$4,769.00"
2002,Corn,NULL,Harvested,Drought,JUL,9,"$1,268.01","$2,387.24"
2002,Corn,NULL,Harvested,Drought,JUL,3,$324.83,"$1,470.17"
2002,Corn,NULL,Unharvested,Drought,JUL,1,$119.00,"$1,217.00"
2002,Corn,NULL,Harvested,Drought,MAY,1,$967.00,$104.00
2002,Corn,NULL,Harvested,Drought,AUG,1,$413.00,"$3,242.00"
2002,Corn,NULL,Unharvested,Drought,JUL,3,$330.67,"$5,164.33"
2002,Corn,NULL,Unharvested,Drought,JUN,1,$351.00,"$3,791.00"
2002,Corn,NULL,Unharvested,Drought,SEP,1,$321.00,$580.00
2002,Corn,NULL,Harvested,Drought,JUL,2,$73.00,"$1,127.00"
2002,Corn,NULL,Harvested,Heat,JUL,1,$326.90,"$2,641.80"
2002,Corn,NULL,Harvested,Heat,AUG,1,$27.00,"$1,100.00"
2002,Corn,NULL,Harvested,Hail,JUL,1,"$1,098.00","$10,956.75"
2002,Corn,NULL,Harvested,Hail,JUN,1,$46.00,$414.00
2002,Corn,NULL,Harvested,Hail,AUG,1,$135.50,$429.50
2002,Corn,NULL,Unharvested,Hail,AUG,1,$138.50,"$2,404.00"
2002,Corn,NULL,Harvested,Hail,OCT,2,$471.00,"$3,058.50"
2002,Corn,NULL,Replanted,Excess Moisture/Precipitation/Rain,APR,1,$149.94,$633.42
2002,Corn,NULL,Replanted,Excess Moisture/Precipitation/Rain,MAY,1,$659.00,$480.00
2002,Corn,NULL,Replanted,Excess Moisture/Precipitation/Rain,MAY,3,"$1,805.00",$623.67
2002,Corn,NULL,Replanted,Cold Wet Weather,MAY,1,$152.00,$687.00
2002,Corn,NULL,Replanted,Cold Wet Weather,MAY,3,$336.67,$331.00
2002,Corn,NULL,Replanted,Insects,MAY,3,$604.00,$192.00
2002,Corn,NULL,Replanted,Insects,MAY,1,$144.06,$608.58
2001,Corn,NULL,Unharvested,Decline in Price,AUG,1,$362.00,$713.00
2001,Corn,NULL,Unharvested,Decline in Price,DEC,3,$265.03,"$1,338.32"
2001,Corn,NULL,Harvested,Decline in Price,NOV,2,"$1,623.50","$2,997.50"
2001,Corn,NULL,Harvested,Decline in Price,DEC,1,$390.00,$514.00
2001,Corn,NULL,Harvested,Decline in Price,DEC,8,"$1,845.88","$4,202.25"
2001,Corn,NULL,Unharvested,Decline in Price,SEP,2,"$2,100.00","$2,665.00"
2001,Corn,NULL,Harvested,Decline in Price,OCT,2,"$1,982.00","$4,419.50"
2001,Corn,NULL,Harvested,Drought,NOV,1,"$1,526.00","$3,321.00"
2001,Corn,NULL,Unharvested,Drought,AUG,1,"$1,720.00","$16,230.00"
2001,Corn,NULL,Unharvested,Drought,NOV,1,$911.00,"$4,191.00"
2001,Corn,NULL,Harvested,Drought,JUL,1,"$1,024.00","$11,595.00"
2001,Corn,NULL,Harvested,Drought,JUL,6,$624.33,"$3,828.00"
2001,Corn,NULL,Harvested,Drought,OCT,2,$686.98,"$6,490.74"
2001,Corn,NULL,Harvested,Drought,MAY,2,"$2,078.00","$1,704.00"
2001,Corn,NULL,Harvested,Drought,AUG,4,$737.52,"$4,478.52"
2001,Corn,NULL,Harvested,Drought,NOV,4,$261.24,"$1,135.87"
2001,Corn,NULL,Harvested,Drought,DEC,3,$942.67,"$2,898.67"
2001,Corn,NULL,Harvested,Drought,AUG,1,$72.00,$955.00
2001,Corn,NULL,Unharvested,Drought,SEP,2,"$1,481.00","$9,295.00"
2001,Corn,NULL,Harvested,Drought,OCT,1,$273.00,"$1,296.00"
2001,Corn,NULL,Harvested,Heat,AUG,1,$298.00,"$3,202.00"
2001,Corn,NULL,Harvested,Hail,AUG,3,"$1,220.33","$2,473.00"
2001,Corn,NULL,Harvested,Hail,NOV,1,"$3,095.00","$4,417.00"
2001,Corn,NULL,Harvested,Hail,JUL,1,$267.00,$666.00
2001,Corn,NULL,Replanted,Hail,JUN,1,$383.00,$433.00
2001,Corn,NULL,Harvested,Hail,JUN,3,$556.67,"$2,443.67"
2001,Corn,NULL,Harvested,Hail,NOV,1,$475.00,$663.00
2001,Corn,NULL,Replanted,Excess Moisture/Precipitation/Rain,MAY,1,$157.29,$342.51
2001,Corn,NULL,Replanted,Excess Moisture/Precipitation/Rain,APR,2,$885.50,$473.50
2001,Corn,NULL,Unharvested,Excess Moisture/Precipitation/Rain,APR,1,$513.00,"$8,311.00"
2001,Corn,NULL,Harvested,Excess Moisture/Precipitation/Rain,OCT,1,$706.00,"$1,042.00"
2001,Corn,NULL,Replanted,Excess Moisture/Precipitation/Rain,JUN,2,$829.50,$648.50
2001,Corn,NULL,Replanted,Excess Moisture/Precipitation/Rain,MAY,1,$260.00,$316.00
2001,Corn,NULL,Replanted,Excess Moisture/Precipitation/Rain,JUN,2,$512.00,$316.50
2001,Corn,NULL,Harvested,Excess Moisture/Precipitation/Rain,MAY,1,$480.00,"$1,343.00"
2001,Corn,NULL,Harvested,Excess Moisture/Precipitation/Rain,JUN,1,$428.00,"$2,853.00"
2001,Corn,NULL,Replanted,Excess Moisture/Precipitation/Rain,MAY,4,$312.31,$483.62
2001,Corn,NULL,Harvested,Excess Moisture/Precipitation/Rain,JUN,1,$467.00,$796.00
2001,Corn,NULL,Harvested,Excess Moisture/Precipitation/Rain,SEP,1,$376.00,"$1,590.00"
2001,Corn,NULL,Reduced Prevented Planting,Excess Moisture/Precipitation/Rain,MAY,1,"$1,349.00","$20,463.00"
2001,Corn,NULL,Harvested,Flood,OCT,1,$600.00,"$4,690.00"
2001,Corn,NULL,Unharvested,Flood,JUN,2,$190.25,"$9,669.00"
2001,Corn,NULL,Harvested,Flood,,1,$109.50,-$144.00
2001,Corn,NULL,Unharvested,Wind/Excess Wind,JUL,4,$212.00,"$4,160.00"
2001,Corn,NULL,Harvested,Wind/Excess Wind,JUL,2,$100.00,"$2,886.00"
2001,Corn,NULL,Harvested,Insects,JUL,1,$629.00,"$6,038.00"
2001,Corn,NULL,Replanted,Insects,MAY,1,$208.00,$207.00
2001,Corn,NULL,Unharvested,Insects,JUN,1,$203.00,"$9,012.00"
2001,Corn,NULL,Replanted,Insects,MAY,1,$163.71,$356.49
2001,Corn,NULL,Replanted,Insects,MAY,5,$687.15,$421.91
2001,Corn,NULL,Harvested,Insects,JUL,1,$574.00,"$5,107.00"
2001,Corn,NULL,Replanted,Insects,JUN,3,"$1,308.67",$760.00
2001,Corn,NULL,Harvested,Insects,JUN,3,$471.33,"$2,280.00"
2001,Corn,NULL,Unharvested,Insects,AUG,2,$146.98,"$3,816.26"
2001,Corn,NULL,Replanted,Insects,JUN,1,$239.00,$279.00
2001,Corn,NULL,Harvested,Insects,AUG,1,$288.00,"$2,348.00"
2001,Corn,NULL,Harvested,Insects,NOV,1,"$2,056.00","$5,443.00"
2001,Corn,NULL,Unharvested,Insects,JUN,1,$384.00,"$10,671.00"
2001,Corn,NULL,Harvested,Insects,OCT,1,"$1,256.00","$2,254.00"
2001,Corn,NULL,Unharvested,Insects,JUL,1,$212.96,"$6,405.52"
2001,Corn,NULL,Harvested,"Other (Snow,Lightning,etc)",JUN,1,$310.00,"$3,332.00"
2001,Corn,NULL,Harvested,"Other (Snow,Lightning,etc)",AUG,3,$815.67,"$8,903.33"
2000,Corn,NULL,Harvested,Decline in Price,JAN,3,$796.00,$932.67
2000,Corn,NULL,Harvested,Decline in Price,DEC,6,"$2,259.45","$3,132.90"
2000,Corn,NULL,Harvested,Decline in Price,FEB,2,$606.00,"$1,761.00"
2000,Corn,NULL,Harvested,Decline in Price,MAY,1,$976.00,"$2,347.50"
2000,Corn,NULL,Harvested,Decline in Price,AUG,2,$545.50,"$1,330.75"
2000,Corn,NULL,Harvested,Decline in Price,AUG,1,$541.00,"$1,541.00"
2000,Corn,NULL,Harvested,Decline in Price,NOV,2,$115.00,$314.00
2000,Corn,NULL,Unharvested,Decline in Price,AUG,1,$692.00,$25.00
2000,Corn,NULL,Unharvested,Decline in Price,DEC,5,$406.62,"$2,853.59"
2000,Corn,NULL,Harvested,Decline in Price,OCT,3,$684.67,$840.00
2000,Corn,NULL,Unharvested,Drought,MAY,1,$408.00,"$3,966.00"
2000,Corn,NULL,Unharvested,Drought,AUG,9,"$1,098.29","$13,407.55"
2000,Corn,NULL,Harvested,Drought,JUN,1,$941.00,"$3,027.00"
2000,Corn,NULL,Harvested,Drought,SEP,2,$90.50,$980.50
2000,Corn,NULL,Unharvested,Drought,JUN,3,$618.67,"$2,264.09"
2000,Corn,NULL,Unharvested,Drought,SEP,2,"$2,039.98","$12,293.71"
2000,Corn,NULL,Harvested,Drought,JAN,1,$250.00,$324.00
2000,Corn,NULL,Harvested,Drought,OCT,13,$877.27,"$3,020.78"
2000,Corn,NULL,Harvested,Drought,AUG,6,$221.08,"$1,059.50"
2000,Corn,NULL,Harvested,Drought,JUL,24,"$1,300.15","$4,883.06"
2000,Corn,NULL,Unharvested,Drought,OCT,2,$103.00,"$4,576.00"
2000,Corn,NULL,Harvested,Drought,JUN,10,$815.00,"$4,455.40"
2000,Corn,NULL,Harvested,Drought,SEP,1,"$4,504.00","$35,392.00"
2000,Corn,NULL,Unharvested,Drought,SEP,1,$449.00,"$9,833.00"
2000,Corn,NULL,Unharvested,Drought,OCT,1,"$1,368.00","$16,090.00"
2000,Corn,NULL,Harvested,Drought,JUL,4,$223.35,$541.50
2000,Corn,NULL,Unharvested,Drought,AUG,7,$296.46,"$2,206.06"
2000,Corn,NULL,Unharvested,Drought,JUL,5,$457.30,"$6,939.20"
2000,Corn,NULL,Unharvested,Drought,MAY,2,"$4,784.50","$26,131.00"
2000,Corn,NULL,Unharvested,Drought,AUG,1,"$3,532.50","$13,148.00"
2000,Corn,NULL,Harvested,Drought,,1,$59.00,-$547.00
2000,Corn,NULL,Harvested,Drought,NOV,1,$142.00,$162.00
2000,Corn,NULL,Harvested,Drought,JUN,2,$439.00,"$2,922.00"
2000,Corn,NULL,Harvested,Drought,SEP,1,$277.00,$86.00
2000,Corn,NULL,Harvested,Drought,JUL,5,$384.68,"$1,586.64"
2000,Corn,NULL,Harvested,Drought,MAY,5,$276.20,"$1,028.30"
2000,Corn,NULL,Harvested,Drought,AUG,28,"$1,016.47","$3,605.03"
2000,Corn,NULL,Harvested,Drought,DEC,5,"$2,866.83","$3,790.94"
2000,Corn,NULL,Harvested,Drought,OCT,3,$355.67,"$1,611.00"
2000,Corn,NULL,Unharvested,Drought,JUL,2,$115.50,$876.50
2000,Corn,NULL,Harvested,Drought,AUG,1,$339.50,"$3,344.00"
2000,Corn,NULL,Replanted,Drought,MAY,1,"$1,448.50",$773.00
2000,Corn,NULL,Harvested,Drought,NOV,5,$605.21,"$3,461.18"
2000,Corn,NULL,Unharvested,Heat,AUG,2,$589.23,"$7,537.67"
2000,Corn,NULL,Harvested,Hail,AUG,2,$213.50,"$1,218.50"
2000,Corn,NULL,Unharvested,Hail,,1,"$1,745.00","-$1,327.00"
2000,Corn,NULL,Unharvested,Hail,MAY,1,$472.40,"$1,380.40"
2000,Corn,NULL,Unharvested,Hail,AUG,4,$269.23,"$3,152.55"
2000,Corn,NULL,Harvested,Hail,JUN,3,$554.17,"$3,489.33"
2000,Corn,NULL,Harvested,Hail,OCT,2,"$1,381.50","$5,405.00"
2000,Corn,NULL,Harvested,Hail,SEP,2,$48.80,$144.40
2000,Corn,NULL,Harvested,Hail,OCT,2,$390.00,"$2,353.00"
2000,Corn,NULL,Unharvested,Hail,SEP,1,$854.00,"$4,820.00"
2000,Corn,NULL,Harvested,Hail,MAY,1,$679.00,"$1,328.00"
2000,Corn,NULL,Unharvested,Hail,AUG,3,"$2,349.17","$20,064.33"
2000,Corn,NULL,Harvested,Hail,AUG,10,$291.40,"$2,136.00"
2000,Corn,NULL,Unharvested,Hail,JUL,1,$695.00,"$19,169.00"
2000,Corn,NULL,Harvested,Hail,JUL,5,"$1,787.70","$5,483.20"
2000,Corn,NULL,Harvested,Hail,,1,$138.00,-$169.00
2000,Corn,NULL,Harvested,Hail,JUL,4,$605.75,"$2,661.25"
2000,Corn,NULL,Harvested,Hail,AUG,13,"$1,878.81","$11,483.81"
2000,Corn,NULL,Unharvested,Hail,JUL,1,$308.40,"$1,244.10"
2000,Corn,NULL,Harvested,Hail,JUL,1,$22.60,$7.00
2000,Corn,NULL,Replanted,Hail,MAY,5,$715.40,$360.60
2000,Corn,NULL,Replanted,Excess Moisture/Precipitation/Rain,MAY,1,"$1,709.00",$743.00
2000,Corn,NULL,Replanted,Excess Moisture/Precipitation/Rain,MAY,1,$374.00,$271.00
2000,Corn,NULL,Replanted,Excess Moisture/Precipitation/Rain,JUN,1,"$2,153.00",$421.00
2000,Corn,NULL,Harvested,Excess Moisture/Precipitation/Rain,JUL,1,"$1,898.00","$1,619.00"
2000,Corn,NULL,Harvested,Wind/Excess Wind,JUN,1,"$1,037.50","$3,787.50"
2000,Corn,NULL,Harvested,Insects,AUG,1,"$1,918.00","$1,696.00"
2000,Corn,NULL,Unharvested,"Other (Snow,Lightning,etc)",JUN,1,$949.00,$226.00
2000,Corn,NULL,Unharvested,"Other (Snow,Lightning,etc)",SEP,1,"$2,661.00",$701.00
2000,Corn,NULL,Unharvested,"Other (Snow,Lightning,etc)",AUG,1,$484.00,$888.00
2000,Corn,NULL,Unharvested,"Other (Snow,Lightning,etc)",NOV,1,"$1,750.00","$1,972.00"
2000,Corn,NULL,Replanted,"Other (Snow,Lightning,etc)",MAY,1,"$3,839.00",$482.00
1999,Corn,NULL,Unharvested,Decline in Price,DEC,1,$285.30,"$1,275.38"
1999,Corn,NULL,Unharvested,Drought,AUG,1,$348.70,"$1,654.62"
1999,Corn,NULL,Harvested,Drought,JAN,1,$118.00,$612.00
1999,Corn,NULL,Harvested,Excess Moisture/Precipitation/Rain,DEC,1,$426.00,"$1,128.00"
1999,Corn,NULL,Replanted,Insects,JUN,1,$781.00,$526.00
1999,Corn,NULL,Replanted,Insects,MAY,1,$623.00,$499.00
1998,Corn,NULL,Unharvested,Decline in Price,DEC,1,$330.00,$603.00
1998,Corn,NULL,Unharvested,Drought,AUG,1,$86.00,$576.00
1998,Corn,NULL,Harvested,Hail,OCT,1,$243.20,"$5,622.40"
1998,Corn,NULL,Harvested,Hail,SEP,1,"$2,874.00","$12,970.00"
1998,Corn,NULL,Harvested,Hail,JUN,1,$243.20,"$5,622.40"
1998,Corn,NULL,Replanted,Excess Moisture/Precipitation/Rain,APR,1,$75.00,$752.00
1998,Corn,NULL,Replanted,Excess Moisture/Precipitation/Rain,MAY,1,$298.00,$331.00
1998,Corn,NULL,Replanted,Excess Moisture/Precipitation/Rain,MAY,3,$518.33,$218.33
1998,Corn,NULL,Harvested,Excess Moisture/Precipitation/Rain,JUN,1,"$1,993.00","$13,587.00"
1998,Corn,NULL,Replanted,Excess Moisture/Precipitation/Rain,MAY,1,$408.00,"$1,355.00"
1998,Corn,NULL,Harvested,Wind/Excess Wind,OCT,4,$802.00,"$6,628.50"
1998,Corn,NULL,Harvested,Wind/Excess Wind,JUL,2,$108.40,"$1,117.80"
1998,Corn,NULL,Harvested,Wind/Excess Wind,SEP,1,$242.00,"$2,763.00"
1998,Corn,NULL,Harvested,Wind/Excess Wind,JUN,1,$996.00,"$8,559.00"
1998,Corn,NULL,Harvested,Wind/Excess Wind,SEP,1,$60.80,"$1,405.60"
1998,Corn,NULL,Replanted,Insects,MAY,1,$447.00,$756.00
1998,Corn,NULL,Replanted,"Other (Snow,Lightning,etc)",MAY,2,$594.00,$67.50
1998,Corn,NULL,Unharvested,"Other (Snow,Lightning,etc)",DEC,1,$645.00,$22.00
1997,Corn,NULL,Harvested,Drought,OCT,1,$123.00,"$1,094.00"
1997,Corn,NULL,Unharvested,Drought,AUG,1,"$1,732.50","$4,307.00"
1997,Corn,NULL,Harvested,Drought,JUN,1,$357.00,"$10,573.00"
1997,Corn,NULL,Harvested,Drought,JUL,1,"$1,128.00","$6,842.00"
1997,Corn,NULL,Harvested,Drought,JUL,1,$432.00,"$1,500.00"
1997,Corn,NULL,Unharvested,Drought,JUL,1,"$1,732.50","$4,307.00"
1997,Corn,NULL,Harvested,Drought,AUG,1,$108.00,"$1,152.00"
1997,Corn,NULL,Harvested,Drought,SEP,1,$101.00,"$1,114.00"
1997,Corn,NULL,Unharvested,Drought,,1,$101.00,-$42.00
1997,Corn,NULL,Harvested,Hail,JUL,1,$366.00,"$6,803.00"
1997,Corn,NULL,Harvested,Hail,JUL,2,$174.75,"$1,731.50"
1997,Corn,NULL,Harvested,Hail,NOV,4,$63.75,$20.50
1997,Corn,NULL,Replanted,Hail,MAY,1,$101.00,$343.00
1997,Corn,NULL,Harvested,Hail,JUN,1,$529.00,"$1,747.00"
1997,Corn,NULL,Unharvested,Hail,JUN,1,$68.00,$280.00
1997,Corn,NULL,Unharvested,Hail,JUL,2,$304.88,"$3,901.88"
1997,Corn,NULL,Harvested,Excess Moisture/Precipitation/Rain,OCT,1,$156.00,"$1,148.00"
1997,Corn,NULL,Replanted,Excess Moisture/Precipitation/Rain,MAY,1,$422.00,"$1,396.00"
1997,Corn,NULL,Reduced Prevented Planting,Flood,MAY,1,$385.00,"$3,949.00"
1997,Corn,NULL,Unharvested,Wind/Excess Wind,JUL,1,$145.75,"$2,574.25"
1996,Corn,NULL,Replanted,Drought,JUN,1,$194.00,"$1,526.00"
1996,Corn,NULL,Unharvested,Drought,JUN,1,$958.00,"$26,169.00"
1996,Corn,NULL,Harvested,Hail,JUL,2,$284.00,$881.50
1996,Corn,NULL,Not Replanted,Hail,,0,#DIV/0!,#DIV/0!
1996,Corn,NULL,Harvested,Hail,NOV,1,"$1,532.00","$10,887.00"
1996,Corn,NULL,Unharvested,Hail,JUN,6,$450.20,"$21,372.08"
1996,Corn,NULL,Harvested,Hail,JUN,6,$151.46,"$3,838.85"
1996,Corn,NULL,Unharvested,Hail,JUN,1,$215.00,"$17,808.00"
1996,Corn,NULL,Replanted,Hail,JUN,5,$265.62,"$1,095.00"
1996,Corn,NULL,Unharvested,Hail,JUN,4,$0.00,"$8,873.25"
1996,Corn,NULL,Harvested,Excess Moisture/Precipitation/Rain,AUG,1,$125.67,"$2,900.00"
1996,Corn,NULL,Unharvested,Excess Moisture/Precipitation/Rain,JUN,1,$123.00,"$6,018.00"
1996,Corn,NULL,Unharvested,Excess Moisture/Precipitation/Rain,AUG,1,$125.67,"$9,377.00"
1996,Corn,NULL,Harvested,Frost,JUN,1,$460.50,"$12,401.00"
1996,Corn,NULL,Harvested,Frost,OCT,1,$77.60,"$4,022.40"
1996,Corn,NULL,Unharvested,Freeze,SEP,4,$509.50,"$12,362.25"
1996,Corn,NULL,Harvested,Freeze,OCT,1,$104.88,-$389.50
1996,Corn,NULL,Unharvested,Freeze,OCT,2,$84.10,"$4,543.75"
1995,Corn,NULL,Harvested,Drought,AUG,2,$262.00,$791.00
1995,Corn,NULL,Unharvested,Drought,MAY,1,"$2,771.00","$24,630.00"
1995,Corn,NULL,Harvested,Drought,JUL,3,$557.17,"$8,344.67"
1995,Corn,NULL,Unharvested,Drought,JUL,1,$201.50,"$3,577.00"
1995,Corn,NULL,Unharvested,Heat,JUL,1,$129.00,"$4,376.00"
1995,Corn,NULL,Harvested,Hail,JUL,10,$793.78,"$3,536.68"
1995,Corn,NULL,Unharvested,Hail,JUL,5,$370.60,"$4,638.40"
1995,Corn,NULL,Unharvested,Hail,SEP,1,$522.00,"$1,283.00"
1995,Corn,NULL,Harvested,Hail,AUG,2,$232.00,"$2,396.00"
1995,Corn,NULL,Unharvested,Hail,AUG,1,$217.00,"$5,778.00"
1995,Corn,NULL,Not Replanted,Excess Moisture/Precipitation/Rain,MAY,0,?,?
1995,Corn,NULL,Harvested,Excess Moisture/Precipitation/Rain,JUN,3,$84.83,$41.67
1995,Corn,NULL,Full Prevented Planting,Excess Moisture/Precipitation/Rain,MAY,1,$117.50,"$1,751.00"
1995,Corn,NULL,Prevented Planting by Final Planting Date,Excess Moisture/Precipitation/Rain,JUN,1,$28.50,"$1,377.00"
1995,Corn,NULL,Unharvested,Excess Moisture/Precipitation/Rain,JUN,2,$113.00,"$1,560.00"
1995,Corn,NULL,Replanted,Excess Moisture/Precipitation/Rain,MAY,14,$443.37,$926.71
1995,Corn,NULL,Harvested,Excess Moisture/Precipitation/Rain,MAY,8,$256.61,"$3,505.78"
1995,Corn,NULL,Not Replanted,Excess Moisture/Precipitation/Rain,JUN,0,?,?
1995,Corn,NULL,Prevented Planting by Final Planting Date,Excess Moisture/Precipitation/Rain,MAY,2,$221.25,"$6,965.00"
1995,Corn,NULL,Full Prevented Planting,Excess Moisture/Precipitation/Rain,OCT,1,$180.00,"$3,762.00"
1995,Corn,NULL,Unharvested,Excess Moisture/Precipitation/Rain,MAY,1,$99.67,$299.00
1995,Corn,NULL,Harvested,Excess Moisture/Precipitation/Rain,OCT,2,$138.00,"$1,998.50"
1995,Corn,NULL,Prevented Planting by Final Planting Date,Excess Moisture/Precipitation/Rain,OCT,1,$50.00,"$1,557.00"
1995,Corn,NULL,Replanted,Excess Moisture/Precipitation/Rain,JUN,1,$53.00,$113.00
1995,Corn,NULL,Replanted,Cold Wet Weather,MAY,9,$413.83,"$1,193.11"
1995,Corn,NULL,Not Replanted,Cold Wet Weather,MAY,0,?,?
1995,Corn,NULL,Replanted,Flood,JUN,2,$77.00,$169.00
1995,Corn,NULL,Not Replanted,Flood,JUN,0,?,?
1995,Corn,NULL,Harvested,Plant Disease,JUL,1,$467.00,"$3,069.00"
1994,Corn,NULL,Replanted,Drought,MAY,4,$639.25,$699.00
1994,Corn,NULL,Replanted,Hail,MAY,1,$271.00,$576.00
1994,Corn,NULL,Harvested,Hail,JUN,1,"$1,105.00","$4,664.00"
1994,Corn,NULL,Replanted,Excess Moisture/Precipitation/Rain,MAY,1,$259.00,$384.00
1994,Corn,NULL,Harvested,Excess Moisture/Precipitation/Rain,MAY,1,$86.00,"$2,695.00"
1994,Corn,NULL,Unharvested,Excess Moisture/Precipitation/Rain,JUN,1,$143.00,"$1,061.00"
1994,Corn,NULL,Not Replanted,Cold Winter,MAY,0,?,?
1994,Corn,NULL,Replanted,Cold Winter,APR,8,$658.78,"$2,082.38"
1994,Corn,NULL,Replanted,Cold Winter,MAY,3,$342.33,$853.33
1994,Corn,NULL,Not Replanted,Cold Winter,JUN,0,?,?
1994,Corn,NULL,Not Replanted,Cold Winter,APR,0,?,?
1994,Corn,NULL,Replanted,Cold Winter,JUN,4,$245.95,$533.65
1994,Corn,NULL,Replanted,Cold Wet Weather,JUN,1,$446.00,$484.00
1994,Corn,NULL,Not Replanted,Cold Wet Weather,,0,?,?
1994,Corn,NULL,Replanted,Cold Wet Weather,MAY,10,$559.90,"$1,138.40"
1994,Corn,NULL,Unharvested,Flood,JUN,6,$517.75,"$8,399.67"
1994,Corn,NULL,Harvested,Flood,AUG,1,$559.00,"$1,244.00"
1994,Corn,NULL,Harvested,Flood,JUN,1,$157.50,$849.00
1994,Corn,NULL,Harvested,Flood,JUL,3,$211.33,"$2,078.33"
1994,Corn,NULL,Replanted,Insects,JUN,1,$343.00,$142.00
1994,Corn,NULL,Replanted,Insects,MAY,4,"$1,020.75",$873.75
1994,Corn,NULL,Replanted,Wildlife,JUL,1,$234.00,$204.00
1994,Corn,NULL,Replanted,"Other (Volcano,Snow,Lightning,etc)",JUN,1,$244.00,$611.00
1994,Corn,NULL,Replanted,"Other (Volcano,Snow,Lightning,etc)",SEP,3,$109.60,$364.00
1994,Corn,NULL,Not Replanted,"Other (Volcano,Snow,Lightning,etc)",MAY,0,?,?
1994,Corn,NULL,Replanted,"Other (Volcano,Snow,Lightning,etc)",APR,1,$109.60,$364.00
1994,Corn,NULL,Replanted,"Other (Volcano,Snow,Lightning,etc)",MAY,2,$71.80,$67.20
1994,Corn,NULL,Not Replanted,"Other (Volcano,Snow,Lightning,etc)",APR,0,?,?
1994,Corn,NULL,Not Replanted,"Other (Volcano,Snow,Lightning,etc)",JUN,0,?,?
1994,Corn,NULL,Not Replanted,"Other (Volcano,Snow,Lightning,etc)",SEP,0,?,?